sample,HPRR,gene,unifier,conc.fmol.ul,Sex,sample.id
A1,HPRR670072,TFRC,TFRC,162.639,f,W0036_1
A1,HPRR3020294,OIT3,OIT3,1.308,f,W0036_1
A1,HPRR3420318,C8G,C8G - QPrEST 1,99.9635,f,W0036_1
A1,HPRR670243,KIT,KIT,4.692,f,W0036_1
A1,HPRR3700493,C2,C2,240.88,f,W0036_1
A1,HPRR1520004,B2M,B2M,299.947,f,W0036_1
A1,HPRR400189,S100A9,S100A9,14.352,f,W0036_1
A1,HPRR4340066,SERPINF1,SERPINF1,284.775,f,W0036_1
A1,HPRR140380,PYGL,PYGL,0.942,f,W0036_1
A1,HPRR141665,SERPINA5,SERPINA5,4.473,f,W0036_1
A1,HPRR330186,VWF,VWF,59.7198,f,W0036_1
A1,HPRR141283,NPC2,NPC2,5.09,f,W0036_1
A1,HPRR1060029,IL1RAP,IL1RAP,19.378,f,W0036_1
A1,HPRR1770044,TGFBI,TGFBI,5.984,f,W0036_1
A1,HPRR3420319,C8G,C8G - QPrEST 2,333.201,f,W0036_1
A1,HPRR2470190,GLIPR2,GLIPR2,18.552,f,W0036_1
A1,HPRR1950351,PON3,PON3,12.9408,f,W0036_1
A1,HPRR2760045,NRP1,NRP1,2.09,f,W0036_1
A1,HPRR3730040,HGFAC,HGFAC,280.854,f,W0036_1
A1,HPRR4340126,APOE,APOE - QPrEST 2,55.76,f,W0036_1
A1,HPRR3280115,PGLYRP2,PGLYRP2,1052.65,f,W0036_1
A1,HPRR2460059,INHBC,INHBC,19.266,f,W0036_1
A2,HPRR3700493,C2,C2,148.44,m,W0005_2
A2,HPRR1950351,PON3,PON3,4.7856,m,W0005_2
A2,HPRR3020294,OIT3,OIT3,0.714,m,W0005_2
A2,HPRR400189,S100A9,S100A9,10.372,m,W0005_2
A2,HPRR2760045,NRP1,NRP1,1.018,m,W0005_2
A2,HPRR4340066,SERPINF1,SERPINF1,263.575,m,W0005_2
A2,HPRR330186,VWF,VWF,20.9244,m,W0005_2
A2,HPRR1770044,TGFBI,TGFBI,5.847,m,W0005_2
A2,HPRR141665,SERPINA5,SERPINA5,50.763,m,W0005_2
A2,HPRR4340126,APOE,APOE - QPrEST 2,41.34,m,W0005_2
A2,HPRR140380,PYGL,PYGL,0.782,m,W0005_2
A2,HPRR1820055,POSTN,POSTN,0.738,m,W0005_2
A2,HPRR1520004,B2M,B2M,219.646,m,W0005_2
A2,HPRR670072,TFRC,TFRC,76.962,m,W0005_2
A2,HPRR3730040,HGFAC,HGFAC,126.396,m,W0005_2
A2,HPRR141283,NPC2,NPC2,5.15,m,W0005_2
A2,HPRR1060029,IL1RAP,IL1RAP,6.05,m,W0005_2
A2,HPRR3420318,C8G,C8G - QPrEST 1,102.0425,m,W0005_2
A2,HPRR3280115,PGLYRP2,PGLYRP2,645.2,m,W0005_2
A2,HPRR2460059,INHBC,INHBC,6.974,m,W0005_2
A2,HPRR2470190,GLIPR2,GLIPR2,15.264,m,W0005_2
A2,HPRR670243,KIT,KIT,3.154,m,W0005_2
A2,HPRR3420319,C8G,C8G - QPrEST 2,237.4405,m,W0005_2
A3,HPRR330186,VWF,VWF,23.5368,m,W0005_1
A3,HPRR1950351,PON3,PON3,7.0368,m,W0005_1
A3,HPRR1520004,B2M,B2M,258.042,m,W0005_1
A3,HPRR141665,SERPINA5,SERPINA5,64.185,m,W0005_1
A3,HPRR1770044,TGFBI,TGFBI,6.867,m,W0005_1
A3,HPRR4340066,SERPINF1,SERPINF1,304.725,m,W0005_1
A3,HPRR3700493,C2,C2,170.18,m,W0005_1
A3,HPRR140380,PYGL,PYGL,0.918,m,W0005_1
A3,HPRR400189,S100A9,S100A9,19.428,m,W0005_1
A3,HPRR1820055,POSTN,POSTN,0.448,m,W0005_1
A3,HPRR3020294,OIT3,OIT3,0.904,m,W0005_1
A3,HPRR2470190,GLIPR2,GLIPR2,16.796,m,W0005_1
A3,HPRR141283,NPC2,NPC2,5.74,m,W0005_1
A3,HPRR3280115,PGLYRP2,PGLYRP2,750.1,m,W0005_1
A3,HPRR1060029,IL1RAP,IL1RAP,6.942,m,W0005_1
A3,HPRR3730040,HGFAC,HGFAC,144.585,m,W0005_1
A3,HPRR2460059,INHBC,INHBC,7.66,m,W0005_1
A3,HPRR4340126,APOE,APOE - QPrEST 2,45.9,m,W0005_1
A3,HPRR670072,TFRC,TFRC,95.907,m,W0005_1
A3,HPRR3420318,C8G,C8G - QPrEST 1,111.034,m,W0005_1
A3,HPRR3420319,C8G,C8G - QPrEST 2,272.021,m,W0005_1
A3,HPRR670243,KIT,KIT,4.316,m,W0005_1
A4,HPRR1520004,B2M,B2M,379.61,f,W0052_1
A4,HPRR3700493,C2,C2,98.76,f,W0052_1
A4,HPRR1060029,IL1RAP,IL1RAP,10.7,f,W0052_1
A4,HPRR1770044,TGFBI,TGFBI,4.255,f,W0052_1
A4,HPRR1820055,POSTN,POSTN,0.806,f,W0052_1
A4,HPRR330186,VWF,VWF,20.223,f,W0052_1
A4,HPRR670243,KIT,KIT,6.024,f,W0052_1
A4,HPRR4340066,SERPINF1,SERPINF1,227.85,f,W0052_1
A4,HPRR4340126,APOE,APOE - QPrEST 2,97.62,f,W0052_1
A4,HPRR400189,S100A9,S100A9,10.468,f,W0052_1
A4,HPRR141283,NPC2,NPC2,4.328,f,W0052_1
A4,HPRR3280115,PGLYRP2,PGLYRP2,790.7,f,W0052_1
A4,HPRR141665,SERPINA5,SERPINA5,17.7855,f,W0052_1
A4,HPRR670072,TFRC,TFRC,71.646,f,W0052_1
A4,HPRR3020294,OIT3,OIT3,1.016,f,W0052_1
A4,HPRR3730040,HGFAC,HGFAC,224.406,f,W0052_1
A4,HPRR2760045,NRP1,NRP1,1.09,f,W0052_1
A4,HPRR1950351,PON3,PON3,16.2552,f,W0052_1
A4,HPRR2460059,INHBC,INHBC,6.61,f,W0052_1
A4,HPRR2470190,GLIPR2,GLIPR2,18.108,f,W0052_1
A4,HPRR140380,PYGL,PYGL,1.114,f,W0052_1
A4,HPRR3420319,C8G,C8G - QPrEST 2,275.747,f,W0052_1
A4,HPRR3420318,C8G,C8G - QPrEST 1,150.962,f,W0052_1
A5,HPRR1520004,B2M,B2M,274.456,f,W0040_1
A5,HPRR1770044,TGFBI,TGFBI,6.988,f,W0040_1
A5,HPRR330186,VWF,VWF,15.687,f,W0040_1
A5,HPRR3730040,HGFAC,HGFAC,138.942,f,W0040_1
A5,HPRR4340126,APOE,APOE - QPrEST 2,49.14,f,W0040_1
A5,HPRR1820055,POSTN,POSTN,0.308,f,W0040_1
A5,HPRR670243,KIT,KIT,4.22,f,W0040_1
A5,HPRR1950351,PON3,PON3,19.5384,f,W0040_1
A5,HPRR670072,TFRC,TFRC,66.108,f,W0040_1
A5,HPRR400189,S100A9,S100A9,17.428,f,W0040_1
A5,HPRR141283,NPC2,NPC2,4.998,f,W0040_1
A5,HPRR3700493,C2,C2,193.48,f,W0040_1
A5,HPRR140380,PYGL,PYGL,0.998,f,W0040_1
A5,HPRR4340066,SERPINF1,SERPINF1,271.675,f,W0040_1
A5,HPRR3420318,C8G,C8G - QPrEST 1,45.7765,f,W0040_1
A5,HPRR2470190,GLIPR2,GLIPR2,15.172,f,W0040_1
A5,HPRR3280115,PGLYRP2,PGLYRP2,835.75,f,W0040_1
A5,HPRR141665,SERPINA5,SERPINA5,49.1925,f,W0040_1
A5,HPRR3420319,C8G,C8G - QPrEST 2,171.465,f,W0040_1
A5,HPRR2460059,INHBC,INHBC,3.944,f,W0040_1
A5,HPRR3020294,OIT3,OIT3,0.642,f,W0040_1
A5,HPRR1060029,IL1RAP,IL1RAP,11.032,f,W0040_1
A6,HPRR330186,VWF,VWF,15.0402,m,W0016_2
A6,HPRR400189,S100A9,S100A9,15.328,m,W0016_2
A6,HPRR141283,NPC2,NPC2,3.782,m,W0016_2
A6,HPRR1820055,POSTN,POSTN,0.822,m,W0016_2
A6,HPRR670072,TFRC,TFRC,146.901,m,W0016_2
A6,HPRR1770044,TGFBI,TGFBI,3.728,m,W0016_2
A6,HPRR3420319,C8G,C8G - QPrEST 2,267.6625,m,W0016_2
A6,HPRR4340126,APOE,APOE - QPrEST 2,54.04,m,W0016_2
A6,HPRR1950351,PON3,PON3,7.944,m,W0016_2
A6,HPRR4340066,SERPINF1,SERPINF1,257.225,m,W0016_2
A6,HPRR141665,SERPINA5,SERPINA5,1.002,m,W0016_2
A6,HPRR3420318,C8G,C8G - QPrEST 1,125.3665,m,W0016_2
A6,HPRR2460059,INHBC,INHBC,9.002,m,W0016_2
A6,HPRR140380,PYGL,PYGL,0.664,m,W0016_2
A6,HPRR3700493,C2,C2,143.88,m,W0016_2
A6,HPRR3020294,OIT3,OIT3,0.956,m,W0016_2
A6,HPRR1520004,B2M,B2M,211.671,m,W0016_2
A6,HPRR3280115,PGLYRP2,PGLYRP2,819.15,m,W0016_2
A6,HPRR670243,KIT,KIT,3.632,m,W0016_2
A6,HPRR1060029,IL1RAP,IL1RAP,7.35,m,W0016_2
A6,HPRR2470190,GLIPR2,GLIPR2,14.772,m,W0016_2
A6,HPRR3730040,HGFAC,HGFAC,185.166,m,W0016_2
A7,HPRR400189,S100A9,S100A9,15.112,f,W0092_4
A7,HPRR1950351,PON3,PON3,14.8368,f,W0092_4
A7,HPRR140380,PYGL,PYGL,0.434,f,W0092_4
A7,HPRR4340066,SERPINF1,SERPINF1,209.2,f,W0092_4
A7,HPRR670072,TFRC,TFRC,45.27,f,W0092_4
A7,HPRR3420319,C8G,C8G - QPrEST 2,241.454,f,W0092_4
A7,HPRR141665,SERPINA5,SERPINA5,57.693,f,W0092_4
A7,HPRR1820055,POSTN,POSTN,0.788,f,W0092_4
A7,HPRR3730040,HGFAC,HGFAC,141.165,f,W0092_4
A7,HPRR3280115,PGLYRP2,PGLYRP2,757.75,f,W0092_4
A7,HPRR4340126,APOE,APOE - QPrEST 2,39.54,f,W0092_4
A7,HPRR1060029,IL1RAP,IL1RAP,17.746,f,W0092_4
A7,HPRR670243,KIT,KIT,4.808,f,W0092_4
A7,HPRR1770044,TGFBI,TGFBI,4.168,f,W0092_4
A7,HPRR3420318,C8G,C8G - QPrEST 1,79.0265,f,W0092_4
A7,HPRR1520004,B2M,B2M,291.073,f,W0092_4
A7,HPRR330186,VWF,VWF,43.638,f,W0092_4
A7,HPRR2470190,GLIPR2,GLIPR2,14.108,f,W0092_4
A7,HPRR141283,NPC2,NPC2,4.826,f,W0092_4
A7,HPRR3020294,OIT3,OIT3,0.792,f,W0092_4
A7,HPRR2460059,INHBC,INHBC,5.934,f,W0092_4
A7,HPRR3700493,C2,C2,156.08,f,W0092_4
A8,HPRR400189,S100A9,S100A9,14.012,f,W0014_4
A8,HPRR3020294,OIT3,OIT3,1.324,f,W0014_4
A8,HPRR4340066,SERPINF1,SERPINF1,258.8,f,W0014_4
A8,HPRR1520004,B2M,B2M,290.957,f,W0014_4
A8,HPRR1950351,PON3,PON3,12.4776,f,W0014_4
A8,HPRR670072,TFRC,TFRC,74.634,f,W0014_4
A8,HPRR141665,SERPINA5,SERPINA5,75.7455,f,W0014_4
A8,HPRR3280115,PGLYRP2,PGLYRP2,796.6,f,W0014_4
A8,HPRR1820055,POSTN,POSTN,1.348,f,W0014_4
A8,HPRR140380,PYGL,PYGL,0.784,f,W0014_4
A8,HPRR4340126,APOE,APOE - QPrEST 2,58.44,f,W0014_4
A8,HPRR330186,VWF,VWF,60.8958,f,W0014_4
A8,HPRR3730040,HGFAC,HGFAC,121.401,f,W0014_4
A8,HPRR1060029,IL1RAP,IL1RAP,10.118,f,W0014_4
A8,HPRR3420318,C8G,C8G - QPrEST 1,108.2515,f,W0014_4
A8,HPRR2470190,GLIPR2,GLIPR2,17.516,f,W0014_4
A8,HPRR141283,NPC2,NPC2,4.564,f,W0014_4
A8,HPRR3420319,C8G,C8G - QPrEST 2,280.0135,f,W0014_4
A8,HPRR3700493,C2,C2,178.18,f,W0014_4
A8,HPRR1770044,TGFBI,TGFBI,5.814,f,W0014_4
A8,HPRR2460059,INHBC,INHBC,6.374,f,W0014_4
A8,HPRR2760045,NRP1,NRP1,0.918,f,W0014_4
A8,HPRR670243,KIT,KIT,6.038,f,W0014_4
A9,HPRR140380,PYGL,PYGL,0.794,f,W0040_4
A9,HPRR1950351,PON3,PON3,17.2296,f,W0040_4
A9,HPRR3280115,PGLYRP2,PGLYRP2,729.55,f,W0040_4
A9,HPRR4340066,SERPINF1,SERPINF1,245.975,f,W0040_4
A9,HPRR1520004,B2M,B2M,295.365,f,W0040_4
A9,HPRR670072,TFRC,TFRC,74.898,f,W0040_4
A9,HPRR3020294,OIT3,OIT3,0.642,f,W0040_4
A9,HPRR400189,S100A9,S100A9,13.288,f,W0040_4
A9,HPRR2470190,GLIPR2,GLIPR2,14.944,f,W0040_4
A9,HPRR141665,SERPINA5,SERPINA5,47.556,f,W0040_4
A9,HPRR4340126,APOE,APOE - QPrEST 2,46.2,f,W0040_4
A9,HPRR3730040,HGFAC,HGFAC,133.623,f,W0040_4
A9,HPRR2460059,INHBC,INHBC,2.188,f,W0040_4
A9,HPRR330186,VWF,VWF,18.2532,f,W0040_4
A9,HPRR3700493,C2,C2,158.74,f,W0040_4
A9,HPRR670243,KIT,KIT,5.04,f,W0040_4
A9,HPRR1060029,IL1RAP,IL1RAP,9.29,f,W0040_4
A9,HPRR141283,NPC2,NPC2,4.404,f,W0040_4
A9,HPRR3420318,C8G,C8G - QPrEST 1,45.57,f,W0040_4
A9,HPRR1770044,TGFBI,TGFBI,6.112,f,W0040_4
A9,HPRR3420319,C8G,C8G - QPrEST 2,159.7235,f,W0040_4
A9,HPRR2760045,NRP1,NRP1,1.308,f,W0040_4
B1,HPRR1950351,PON3,PON3,13.9128,m,W0061_4
B1,HPRR3280115,PGLYRP2,PGLYRP2,701.05,m,W0061_4
B1,HPRR140380,PYGL,PYGL,1.438,m,W0061_4
B1,HPRR3020294,OIT3,OIT3,0.652,m,W0061_4
B1,HPRR141665,SERPINA5,SERPINA5,29.2155,m,W0061_4
B1,HPRR141283,NPC2,NPC2,5.516,m,W0061_4
B1,HPRR1820055,POSTN,POSTN,1.138,m,W0061_4
B1,HPRR3730040,HGFAC,HGFAC,139.356,m,W0061_4
B1,HPRR670072,TFRC,TFRC,64.443,m,W0061_4
B1,HPRR400189,S100A9,S100A9,15.156,m,W0061_4
B1,HPRR670243,KIT,KIT,4.758,m,W0061_4
B1,HPRR3700493,C2,C2,188.04,m,W0061_4
B1,HPRR2470190,GLIPR2,GLIPR2,19.168,m,W0061_4
B1,HPRR4340126,APOE,APOE - QPrEST 2,40.36,m,W0061_4
B1,HPRR1770044,TGFBI,TGFBI,6.671,m,W0061_4
B1,HPRR2460059,INHBC,INHBC,3.096,m,W0061_4
B1,HPRR1060029,IL1RAP,IL1RAP,11.046,m,W0061_4
B1,HPRR4340066,SERPINF1,SERPINF1,250.8,m,W0061_4
B1,HPRR330186,VWF,VWF,15.6198,m,W0061_4
B1,HPRR1520004,B2M,B2M,310.851,m,W0061_4
B1,HPRR2760045,NRP1,NRP1,1.96,m,W0061_4
B1,HPRR3420319,C8G,C8G - QPrEST 2,284.2685,m,W0061_4
B1,HPRR3420318,C8G,C8G - QPrEST 1,73.2795,m,W0061_4
B2,HPRR2760045,NRP1,NRP1,1.344,m,W0016_1
B2,HPRR1820055,POSTN,POSTN,0.766,m,W0016_1
B2,HPRR3730040,HGFAC,HGFAC,198.396,m,W0016_1
B2,HPRR4340066,SERPINF1,SERPINF1,284.325,m,W0016_1
B2,HPRR140380,PYGL,PYGL,0.644,m,W0016_1
B2,HPRR3020294,OIT3,OIT3,1.15,m,W0016_1
B2,HPRR400189,S100A9,S100A9,14.004,m,W0016_1
B2,HPRR670243,KIT,KIT,3.966,m,W0016_1
B2,HPRR141283,NPC2,NPC2,4.642,m,W0016_1
B2,HPRR3280115,PGLYRP2,PGLYRP2,920.65,m,W0016_1
B2,HPRR2460059,INHBC,INHBC,8.668,m,W0016_1
B2,HPRR2470190,GLIPR2,GLIPR2,16.804,m,W0016_1
B2,HPRR1950351,PON3,PON3,7.4832,m,W0016_1
B2,HPRR3700493,C2,C2,135.8,m,W0016_1
B2,HPRR1520004,B2M,B2M,230.347,m,W0016_1
B2,HPRR141665,SERPINA5,SERPINA5,0.909,m,W0016_1
B2,HPRR3420319,C8G,C8G - QPrEST 2,252.724,m,W0016_1
B2,HPRR3420318,C8G,C8G - QPrEST 1,112.882,m,W0016_1
B2,HPRR1060029,IL1RAP,IL1RAP,7.66,m,W0016_1
B2,HPRR330186,VWF,VWF,9.114,m,W0016_1
B2,HPRR1770044,TGFBI,TGFBI,4.005,m,W0016_1
B2,HPRR4340126,APOE,APOE - QPrEST 2,57.88,m,W0016_1
B3,HPRR1820055,POSTN,POSTN,0.804,m,W0037_2
B3,HPRR670072,TFRC,TFRC,87.027,m,W0037_2
B3,HPRR2460059,INHBC,INHBC,5.208,m,W0037_2
B3,HPRR1950351,PON3,PON3,4.3824,m,W0037_2
B3,HPRR3280115,PGLYRP2,PGLYRP2,887.7,m,W0037_2
B3,HPRR400189,S100A9,S100A9,23.088,m,W0037_2
B3,HPRR140380,PYGL,PYGL,0.65,m,W0037_2
B3,HPRR670243,KIT,KIT,3.462,m,W0037_2
B3,HPRR2760045,NRP1,NRP1,1.02,m,W0037_2
B3,HPRR3730040,HGFAC,HGFAC,143.451,m,W0037_2
B3,HPRR1060029,IL1RAP,IL1RAP,9.638,m,W0037_2
B3,HPRR141283,NPC2,NPC2,4.252,m,W0037_2
B3,HPRR4340066,SERPINF1,SERPINF1,223.45,m,W0037_2
B3,HPRR141665,SERPINA5,SERPINA5,40.38,m,W0037_2
B3,HPRR3020294,OIT3,OIT3,0.902,m,W0037_2
B3,HPRR3420319,C8G,C8G - QPrEST 2,263.511,m,W0037_2
B3,HPRR3420318,C8G,C8G - QPrEST 1,95.7215,m,W0037_2
B3,HPRR1520004,B2M,B2M,333.645,m,W0037_2
B3,HPRR2470190,GLIPR2,GLIPR2,11.52,m,W0037_2
B3,HPRR330186,VWF,VWF,13.1586,m,W0037_2
B3,HPRR1770044,TGFBI,TGFBI,6.066,m,W0037_2
B3,HPRR3700493,C2,C2,197.08,m,W0037_2
B3,HPRR4340126,APOE,APOE - QPrEST 2,29.46,m,W0037_2
B4,HPRR1060029,IL1RAP,IL1RAP,16.568,f,W0087_2
B4,HPRR3420319,C8G,C8G - QPrEST 2,203.964,f,W0087_2
B4,HPRR2760045,NRP1,NRP1,1.382,f,W0087_2
B4,HPRR3280115,PGLYRP2,PGLYRP2,616.65,f,W0087_2
B4,HPRR670243,KIT,KIT,4.516,f,W0087_2
B4,HPRR3020294,OIT3,OIT3,0.878,f,W0087_2
B4,HPRR1820055,POSTN,POSTN,0.632,f,W0087_2
B4,HPRR3730040,HGFAC,HGFAC,139.275,f,W0087_2
B4,HPRR4340066,SERPINF1,SERPINF1,215.025,f,W0087_2
B4,HPRR1950351,PON3,PON3,9.1344,f,W0087_2
B4,HPRR3420318,C8G,C8G - QPrEST 1,48.433,f,W0087_2
B4,HPRR400189,S100A9,S100A9,16.576,f,W0087_2
B4,HPRR2460059,INHBC,INHBC,2.376,f,W0087_2
B4,HPRR2470190,GLIPR2,GLIPR2,17.628,f,W0087_2
B4,HPRR1770044,TGFBI,TGFBI,4.67,f,W0087_2
B4,HPRR141283,NPC2,NPC2,4.088,f,W0087_2
B4,HPRR140380,PYGL,PYGL,0.996,f,W0087_2
B4,HPRR141665,SERPINA5,SERPINA5,2.88,f,W0087_2
B4,HPRR1520004,B2M,B2M,284.751,f,W0087_2
B4,HPRR670072,TFRC,TFRC,45.609,f,W0087_2
B4,HPRR330186,VWF,VWF,8.421,f,W0087_2
B4,HPRR3700493,C2,C2,72.12,f,W0087_2
B4,HPRR4340126,APOE,APOE - QPrEST 2,53.42,f,W0087_2
B5,HPRR670243,KIT,KIT,5.288,f,W0021_2
B5,HPRR1820055,POSTN,POSTN,0.698,f,W0021_2
B5,HPRR400189,S100A9,S100A9,27.736,f,W0021_2
B5,HPRR2760045,NRP1,NRP1,1.492,f,W0021_2
B5,HPRR3730040,HGFAC,HGFAC,269.433,f,W0021_2
B5,HPRR3420319,C8G,C8G - QPrEST 2,285.4415,f,W0021_2
B5,HPRR1060029,IL1RAP,IL1RAP,6.67,f,W0021_2
B5,HPRR140380,PYGL,PYGL,0.758,f,W0021_2
B5,HPRR4340066,SERPINF1,SERPINF1,354.8,f,W0021_2
B5,HPRR3700493,C2,C2,202.64,f,W0021_2
B5,HPRR1520004,B2M,B2M,374.013,f,W0021_2
B5,HPRR3420318,C8G,C8G - QPrEST 1,102.3855,f,W0021_2
B5,HPRR2460059,INHBC,INHBC,15.72,f,W0021_2
B5,HPRR2470190,GLIPR2,GLIPR2,14.496,f,W0021_2
B5,HPRR3020294,OIT3,OIT3,1.188,f,W0021_2
B5,HPRR141283,NPC2,NPC2,5.156,f,W0021_2
B5,HPRR141665,SERPINA5,SERPINA5,1.218,f,W0021_2
B5,HPRR670072,TFRC,TFRC,61.026,f,W0021_2
B5,HPRR4340126,APOE,APOE - QPrEST 2,67.76,f,W0021_2
B5,HPRR1950351,PON3,PON3,8.8224,f,W0021_2
B5,HPRR3280115,PGLYRP2,PGLYRP2,888.9,f,W0021_2
B5,HPRR330186,VWF,VWF,15.9138,f,W0021_2
B5,HPRR1770044,TGFBI,TGFBI,5.668,f,W0021_2
B6,HPRR140380,PYGL,PYGL,0.956,m,W0061_1
B6,HPRR3020294,OIT3,OIT3,0.526,m,W0061_1
B6,HPRR3420319,C8G,C8G - QPrEST 2,297.597,m,W0061_1
B6,HPRR2460059,INHBC,INHBC,4.996,m,W0061_1
B6,HPRR4340126,APOE,APOE - QPrEST 2,36.48,m,W0061_1
B6,HPRR1520004,B2M,B2M,333.616,m,W0061_1
B6,HPRR1950351,PON3,PON3,13.6608,m,W0061_1
B6,HPRR141665,SERPINA5,SERPINA5,20.3595,m,W0061_1
B6,HPRR3730040,HGFAC,HGFAC,172.71,m,W0061_1
B6,HPRR670243,KIT,KIT,4.898,m,W0061_1
B6,HPRR3700493,C2,C2,200.58,m,W0061_1
B6,HPRR3420318,C8G,C8G - QPrEST 1,78.3335,m,W0061_1
B6,HPRR400189,S100A9,S100A9,14.58,m,W0061_1
B6,HPRR330186,VWF,VWF,10.3656,m,W0061_1
B6,HPRR2760045,NRP1,NRP1,0.94,m,W0061_1
B6,HPRR141283,NPC2,NPC2,5.826,m,W0061_1
B6,HPRR1060029,IL1RAP,IL1RAP,9.842,m,W0061_1
B6,HPRR2470190,GLIPR2,GLIPR2,18.256,m,W0061_1
B6,HPRR1820055,POSTN,POSTN,1.078,m,W0061_1
B6,HPRR3280115,PGLYRP2,PGLYRP2,846.9,m,W0061_1
B6,HPRR670072,TFRC,TFRC,64.29,m,W0061_1
B6,HPRR4340066,SERPINF1,SERPINF1,274.275,m,W0061_1
B6,HPRR1770044,TGFBI,TGFBI,7.176,m,W0061_1
B7,HPRR4200068,APOE,APOE - QPrEST 1,1665.768,f,W0043_1
B7,HPRR330186,VWF,VWF,21.0966,f,W0043_1
B7,HPRR1520004,B2M,B2M,323.524,f,W0043_1
B7,HPRR3700493,C2,C2,177.76,f,W0043_1
B7,HPRR2470190,GLIPR2,GLIPR2,14.932,f,W0043_1
B7,HPRR2760045,NRP1,NRP1,1.384,f,W0043_1
B7,HPRR2460059,INHBC,INHBC,2.5,f,W0043_1
B7,HPRR3280115,PGLYRP2,PGLYRP2,624.65,f,W0043_1
B7,HPRR670243,KIT,KIT,5.116,f,W0043_1
B7,HPRR4340066,SERPINF1,SERPINF1,219.675,f,W0043_1
B7,HPRR1820055,POSTN,POSTN,0.516,f,W0043_1
B7,HPRR4340126,APOE,APOE - QPrEST 2,60.76,f,W0043_1
B7,HPRR3020294,OIT3,OIT3,0.504,f,W0043_1
B7,HPRR1770044,TGFBI,TGFBI,6.002,f,W0043_1
B7,HPRR3420319,C8G,C8G - QPrEST 2,232.254,f,W0043_1
B7,HPRR1060029,IL1RAP,IL1RAP,9.734,f,W0043_1
B7,HPRR3730040,HGFAC,HGFAC,163.008,f,W0043_1
B7,HPRR3420318,C8G,C8G - QPrEST 1,87.374,f,W0043_1
B7,HPRR141283,NPC2,NPC2,5.758,f,W0043_1
B7,HPRR670072,TFRC,TFRC,55.185,f,W0043_1
B7,HPRR140380,PYGL,PYGL,0.606,f,W0043_1
B7,HPRR141665,SERPINA5,SERPINA5,41.0565,f,W0043_1
B7,HPRR1950351,PON3,PON3,18.7464,f,W0043_1
B7,HPRR400189,S100A9,S100A9,18.12,f,W0043_1
B8,HPRR3280115,PGLYRP2,PGLYRP2,700.75,f,W0043_2
B8,HPRR2760045,NRP1,NRP1,1.916,f,W0043_2
B8,HPRR1770044,TGFBI,TGFBI,5.337,f,W0043_2
B8,HPRR2460059,INHBC,INHBC,3.752,f,W0043_2
B8,HPRR1520004,B2M,B2M,324.365,f,W0043_2
B8,HPRR3020294,OIT3,OIT3,0.684,f,W0043_2
B8,HPRR1820055,POSTN,POSTN,1.014,f,W0043_2
B8,HPRR1950351,PON3,PON3,18.8808,f,W0043_2
B8,HPRR1060029,IL1RAP,IL1RAP,10.428,f,W0043_2
B8,HPRR4340126,APOE,APOE - QPrEST 2,68.76,f,W0043_2
B8,HPRR3420319,C8G,C8G - QPrEST 2,272.044,f,W0043_2
B8,HPRR3420318,C8G,C8G - QPrEST 1,90.0795,f,W0043_2
B8,HPRR330186,VWF,VWF,15.9348,f,W0043_2
B8,HPRR3730040,HGFAC,HGFAC,175.221,f,W0043_2
B8,HPRR670072,TFRC,TFRC,63.735,f,W0043_2
B8,HPRR141665,SERPINA5,SERPINA5,46.374,f,W0043_2
B8,HPRR3700493,C2,C2,174.88,f,W0043_2
B8,HPRR4200068,APOE,APOE - QPrEST 1,1428.024,f,W0043_2
B8,HPRR670243,KIT,KIT,5.782,f,W0043_2
B8,HPRR141283,NPC2,NPC2,5.6,f,W0043_2
B8,HPRR400189,S100A9,S100A9,16.24,f,W0043_2
B8,HPRR2470190,GLIPR2,GLIPR2,14.572,f,W0043_2
B8,HPRR140380,PYGL,PYGL,0.984,f,W0043_2
B8,HPRR4340066,SERPINF1,SERPINF1,228.05,f,W0043_2
B9,HPRR1520004,B2M,B2M,265.437,m,W0031_4
B9,HPRR3280115,PGLYRP2,PGLYRP2,726.6,m,W0031_4
B9,HPRR2460059,INHBC,INHBC,4.064,m,W0031_4
B9,HPRR330186,VWF,VWF,14.9184,m,W0031_4
B9,HPRR2760045,NRP1,NRP1,1.31,m,W0031_4
B9,HPRR141665,SERPINA5,SERPINA5,61.422,m,W0031_4
B9,HPRR4200068,APOE,APOE - QPrEST 1,801.164,m,W0031_4
B9,HPRR1060029,IL1RAP,IL1RAP,5.79,m,W0031_4
B9,HPRR3020294,OIT3,OIT3,0.654,m,W0031_4
B9,HPRR4340126,APOE,APOE - QPrEST 2,32.8,m,W0031_4
B9,HPRR141283,NPC2,NPC2,3.654,m,W0031_4
B9,HPRR1770044,TGFBI,TGFBI,3.892,m,W0031_4
B9,HPRR3420319,C8G,C8G - QPrEST 2,174.8575,m,W0031_4
B9,HPRR3730040,HGFAC,HGFAC,89.676,m,W0031_4
B9,HPRR140380,PYGL,PYGL,0.958,m,W0031_4
B9,HPRR2470190,GLIPR2,GLIPR2,17.064,m,W0031_4
B9,HPRR670072,TFRC,TFRC,80.013,m,W0031_4
B9,HPRR1820055,POSTN,POSTN,0.736,m,W0031_4
B9,HPRR400189,S100A9,S100A9,14.3,m,W0031_4
B9,HPRR670243,KIT,KIT,3.886,m,W0031_4
B9,HPRR1950351,PON3,PON3,12.0432,m,W0031_4
B9,HPRR4340066,SERPINF1,SERPINF1,210.05,m,W0031_4
B9,HPRR3420318,C8G,C8G - QPrEST 1,48.8915,m,W0031_4
B9,HPRR3700493,C2,C2,160.66,m,W0031_4
C2,HPRR1520004,B2M,B2M,277.965,f,W0014_1
C2,HPRR3280115,PGLYRP2,PGLYRP2,778.35,f,W0014_1
C2,HPRR3020294,OIT3,OIT3,1.33,f,W0014_1
C2,HPRR4340126,APOE,APOE - QPrEST 2,51.5,f,W0014_1
C2,HPRR1770044,TGFBI,TGFBI,5.951,f,W0014_1
C2,HPRR1950351,PON3,PON3,13.7352,f,W0014_1
C2,HPRR4200068,APOE,APOE - QPrEST 1,1109.992,f,W0014_1
C2,HPRR1820055,POSTN,POSTN,1.428,f,W0014_1
C2,HPRR141665,SERPINA5,SERPINA5,85.0485,f,W0014_1
C2,HPRR3420318,C8G,C8G - QPrEST 1,125.1005,f,W0014_1
C2,HPRR3420319,C8G,C8G - QPrEST 2,313.329,f,W0014_1
C2,HPRR2470190,GLIPR2,GLIPR2,18.852,f,W0014_1
C2,HPRR330186,VWF,VWF,28.6524,f,W0014_1
C2,HPRR141283,NPC2,NPC2,4.91,f,W0014_1
C2,HPRR3700493,C2,C2,154.56,f,W0014_1
C2,HPRR4340066,SERPINF1,SERPINF1,266.725,f,W0014_1
C2,HPRR670072,TFRC,TFRC,72.759,f,W0014_1
C2,HPRR2460059,INHBC,INHBC,9.6,f,W0014_1
C2,HPRR3730040,HGFAC,HGFAC,140.589,f,W0014_1
C2,HPRR2190035,LPA,LPA,8508.6,f,W0014_1
C2,HPRR140380,PYGL,PYGL,0.76,f,W0014_1
C2,HPRR1060029,IL1RAP,IL1RAP,10.888,f,W0014_1
C2,HPRR400189,S100A9,S100A9,17.36,f,W0014_1
C2,HPRR670243,KIT,KIT,7.156,f,W0014_1
C2,HPRR2760045,NRP1,NRP1,2.58,f,W0014_1
C3,HPRR3420319,C8G,C8G - QPrEST 2,283.199,f,W0036_2
C3,HPRR1770044,TGFBI,TGFBI,4.623,f,W0036_2
C3,HPRR3020294,OIT3,OIT3,1.112,f,W0036_2
C3,HPRR141283,NPC2,NPC2,4.288,f,W0036_2
C3,HPRR1820055,POSTN,POSTN,0.552,f,W0036_2
C3,HPRR4340066,SERPINF1,SERPINF1,214.55,f,W0036_2
C3,HPRR1520004,B2M,B2M,246.326,f,W0036_2
C3,HPRR2470190,GLIPR2,GLIPR2,12.968,f,W0036_2
C3,HPRR3420318,C8G,C8G - QPrEST 1,89.012,f,W0036_2
C3,HPRR4200068,APOE,APOE - QPrEST 1,1085.032,f,W0036_2
C3,HPRR141665,SERPINA5,SERPINA5,1.47,f,W0036_2
C3,HPRR3280115,PGLYRP2,PGLYRP2,929.95,f,W0036_2
C3,HPRR330186,VWF,VWF,26.2206,f,W0036_2
C3,HPRR670072,TFRC,TFRC,105.006,f,W0036_2
C3,HPRR2190035,LPA,LPA,392.7,f,W0036_2
C3,HPRR4340126,APOE,APOE - QPrEST 2,43.6,f,W0036_2
C3,HPRR2460059,INHBC,INHBC,12.398,f,W0036_2
C3,HPRR3700493,C2,C2,235.48,f,W0036_2
C3,HPRR140380,PYGL,PYGL,1.218,f,W0036_2
C3,HPRR400189,S100A9,S100A9,11.968,f,W0036_2
C3,HPRR670243,KIT,KIT,4.236,f,W0036_2
C3,HPRR1060029,IL1RAP,IL1RAP,15.704,f,W0036_2
C3,HPRR3730040,HGFAC,HGFAC,218.133,f,W0036_2
C3,HPRR1950351,PON3,PON3,10.9992,f,W0036_2
C3,HPRR2760045,NRP1,NRP1,1.716,f,W0036_2
C4,HPRR3280115,PGLYRP2,PGLYRP2,821.4,m,W0073_1
C4,HPRR670072,TFRC,TFRC,65.19,m,W0073_1
C4,HPRR4340066,SERPINF1,SERPINF1,258.225,m,W0073_1
C4,HPRR1520004,B2M,B2M,283.591,m,W0073_1
C4,HPRR3020294,OIT3,OIT3,0.878,m,W0073_1
C4,HPRR1770044,TGFBI,TGFBI,6.58,m,W0073_1
C4,HPRR1820055,POSTN,POSTN,1.01,m,W0073_1
C4,HPRR141665,SERPINA5,SERPINA5,22.5435,m,W0073_1
C4,HPRR141283,NPC2,NPC2,5.364,m,W0073_1
C4,HPRR1060029,IL1RAP,IL1RAP,9.09,m,W0073_1
C4,HPRR3420318,C8G,C8G - QPrEST 1,130.886,m,W0073_1
C4,HPRR400189,S100A9,S100A9,14.86,m,W0073_1
C4,HPRR4340126,APOE,APOE - QPrEST 2,33.24,m,W0073_1
C4,HPRR1950351,PON3,PON3,12.8136,m,W0073_1
C4,HPRR3730040,HGFAC,HGFAC,175.032,m,W0073_1
C4,HPRR670243,KIT,KIT,3.568,m,W0073_1
C4,HPRR140380,PYGL,PYGL,0.964,m,W0073_1
C4,HPRR2760045,NRP1,NRP1,1.474,m,W0073_1
C4,HPRR3700493,C2,C2,181.62,m,W0073_1
C4,HPRR330186,VWF,VWF,15.7122,m,W0073_1
C4,HPRR2190035,LPA,LPA,310,m,W0073_1
C4,HPRR2460059,INHBC,INHBC,4.896,m,W0073_1
C4,HPRR4200068,APOE,APOE - QPrEST 1,506.636,m,W0073_1
C4,HPRR3420319,C8G,C8G - QPrEST 2,298.7585,m,W0073_1
C4,HPRR2470190,GLIPR2,GLIPR2,15.072,m,W0073_1
C5,HPRR3020294,OIT3,OIT3,1.438,f,W0036_3
C5,HPRR4340066,SERPINF1,SERPINF1,281.225,f,W0036_3
C5,HPRR1770044,TGFBI,TGFBI,5.272,f,W0036_3
C5,HPRR1820055,POSTN,POSTN,0.888,f,W0036_3
C5,HPRR141665,SERPINA5,SERPINA5,2.142,f,W0036_3
C5,HPRR670072,TFRC,TFRC,91.914,f,W0036_3
C5,HPRR2190035,LPA,LPA,669.2,f,W0036_3
C5,HPRR1950351,PON3,PON3,13.6512,f,W0036_3
C5,HPRR1520004,B2M,B2M,274.108,f,W0036_3
C5,HPRR141283,NPC2,NPC2,5.328,f,W0036_3
C5,HPRR140380,PYGL,PYGL,1.288,f,W0036_3
C5,HPRR670243,KIT,KIT,4.524,f,W0036_3
C5,HPRR3280115,PGLYRP2,PGLYRP2,1163.95,f,W0036_3
C5,HPRR3420319,C8G,C8G - QPrEST 2,285.6485,f,W0036_3
C5,HPRR330186,VWF,VWF,22.7304,f,W0036_3
C5,HPRR400189,S100A9,S100A9,19.932,f,W0036_3
C5,HPRR4340126,APOE,APOE - QPrEST 2,60.42,f,W0036_3
C5,HPRR2760045,NRP1,NRP1,1.592,f,W0036_3
C5,HPRR2470190,GLIPR2,GLIPR2,13.716,f,W0036_3
C5,HPRR3700493,C2,C2,236.76,f,W0036_3
C5,HPRR3730040,HGFAC,HGFAC,251.154,f,W0036_3
C5,HPRR4200068,APOE,APOE - QPrEST 1,1313.26,f,W0036_3
C5,HPRR3420318,C8G,C8G - QPrEST 1,105.2415,f,W0036_3
C5,HPRR1060029,IL1RAP,IL1RAP,17.84,f,W0036_3
C5,HPRR2460059,INHBC,INHBC,18.04,f,W0036_3
C6,HPRR4340066,SERPINF1,SERPINF1,224,m,W0031_1
C6,HPRR1520004,B2M,B2M,273.47,m,W0031_1
C6,HPRR1770044,TGFBI,TGFBI,4.493,m,W0031_1
C6,HPRR141665,SERPINA5,SERPINA5,65.415,m,W0031_1
C6,HPRR3280115,PGLYRP2,PGLYRP2,777.9,m,W0031_1
C6,HPRR3020294,OIT3,OIT3,0.628,m,W0031_1
C6,HPRR1950351,PON3,PON3,12.1512,m,W0031_1
C6,HPRR670243,KIT,KIT,4.306,m,W0031_1
C6,HPRR140380,PYGL,PYGL,0.9,m,W0031_1
C6,HPRR3730040,HGFAC,HGFAC,91.125,m,W0031_1
C6,HPRR141283,NPC2,NPC2,3.992,m,W0031_1
C6,HPRR670072,TFRC,TFRC,141.675,m,W0031_1
C6,HPRR2460059,INHBC,INHBC,4.658,m,W0031_1
C6,HPRR1060029,IL1RAP,IL1RAP,6.23,m,W0031_1
C6,HPRR1820055,POSTN,POSTN,0.55,m,W0031_1
C6,HPRR330186,VWF,VWF,10.4538,m,W0031_1
C6,HPRR4340126,APOE,APOE - QPrEST 2,33.98,m,W0031_1
C6,HPRR2760045,NRP1,NRP1,2.136,m,W0031_1
C6,HPRR3420319,C8G,C8G - QPrEST 2,173.788,m,W0031_1
C6,HPRR2470190,GLIPR2,GLIPR2,17.172,m,W0031_1
C6,HPRR3700493,C2,C2,171.72,m,W0031_1
C6,HPRR2190035,LPA,LPA,840.5,m,W0031_1
C6,HPRR400189,S100A9,S100A9,10.888,m,W0031_1
C6,HPRR3420318,C8G,C8G - QPrEST 1,45.7205,m,W0031_1
C6,HPRR4200068,APOE,APOE - QPrEST 1,825.396,m,W0031_1
C7,HPRR3280115,PGLYRP2,PGLYRP2,547.8,f,W0087_4
C7,HPRR140380,PYGL,PYGL,0.94,f,W0087_4
C7,HPRR3020294,OIT3,OIT3,0.778,f,W0087_4
C7,HPRR1770044,TGFBI,TGFBI,3.846,f,W0087_4
C7,HPRR1820055,POSTN,POSTN,0.832,f,W0087_4
C7,HPRR1950351,PON3,PON3,8.6256,f,W0087_4
C7,HPRR400189,S100A9,S100A9,13.18,f,W0087_4
C7,HPRR141283,NPC2,NPC2,3.594,f,W0087_4
C7,HPRR141665,SERPINA5,SERPINA5,19.9755,f,W0087_4
C7,HPRR1060029,IL1RAP,IL1RAP,17.882,f,W0087_4
C7,HPRR4200068,APOE,APOE - QPrEST 1,977.184,f,W0087_4
C7,HPRR670072,TFRC,TFRC,49.86,f,W0087_4
C7,HPRR2460059,INHBC,INHBC,2.16,f,W0087_4
C7,HPRR670243,KIT,KIT,3.702,f,W0087_4
C7,HPRR3730040,HGFAC,HGFAC,111.105,f,W0087_4
C7,HPRR4340066,SERPINF1,SERPINF1,202.175,f,W0087_4
C7,HPRR2470190,GLIPR2,GLIPR2,16.328,f,W0087_4
C7,HPRR330186,VWF,VWF,9.1602,f,W0087_4
C7,HPRR3700493,C2,C2,61.88,f,W0087_4
C7,HPRR3420319,C8G,C8G - QPrEST 2,194.603,f,W0087_4
C7,HPRR1520004,B2M,B2M,295.858,f,W0087_4
C7,HPRR3420318,C8G,C8G - QPrEST 1,63.028,f,W0087_4
C7,HPRR2190035,LPA,LPA,6283.1,f,W0087_4
C7,HPRR4340126,APOE,APOE - QPrEST 2,39.86,f,W0087_4
C9,HPRR141665,SERPINA5,SERPINA5,5.232,f,W0087_3
C9,HPRR2470190,GLIPR2,GLIPR2,16.248,f,W0087_3
C9,HPRR1820055,POSTN,POSTN,0.472,f,W0087_3
C9,HPRR670243,KIT,KIT,4.59,f,W0087_3
C9,HPRR3280115,PGLYRP2,PGLYRP2,644.6,f,W0087_3
C9,HPRR141283,NPC2,NPC2,4.164,f,W0087_3
C9,HPRR3020294,OIT3,OIT3,0.872,f,W0087_3
C9,HPRR3420319,C8G,C8G - QPrEST 2,211.4045,f,W0087_3
C9,HPRR4200068,APOE,APOE - QPrEST 1,895.752,f,W0087_3
C9,HPRR4340066,SERPINF1,SERPINF1,224.5,f,W0087_3
C9,HPRR1950351,PON3,PON3,8.6616,f,W0087_3
C9,HPRR670072,TFRC,TFRC,48.462,f,W0087_3
C9,HPRR1060029,IL1RAP,IL1RAP,16.922,f,W0087_3
C9,HPRR400189,S100A9,S100A9,13.128,f,W0087_3
C9,HPRR2460059,INHBC,INHBC,3.186,f,W0087_3
C9,HPRR3730040,HGFAC,HGFAC,137.25,f,W0087_3
C9,HPRR330186,VWF,VWF,9.6012,f,W0087_3
C9,HPRR2190035,LPA,LPA,5273.1,f,W0087_3
C9,HPRR1520004,B2M,B2M,305.457,f,W0087_3
C9,HPRR3420318,C8G,C8G - QPrEST 1,73.311,f,W0087_3
C9,HPRR140380,PYGL,PYGL,0.948,f,W0087_3
C9,HPRR3700493,C2,C2,64.24,f,W0087_3
C9,HPRR4340126,APOE,APOE - QPrEST 2,43.16,f,W0087_3
C9,HPRR1770044,TGFBI,TGFBI,4.23,f,W0087_3
D1,HPRR4200068,APOE,APOE - QPrEST 1,860.184,f,W0092_2
D1,HPRR1060029,IL1RAP,IL1RAP,16.972,f,W0092_2
D1,HPRR1820055,POSTN,POSTN,0.698,f,W0092_2
D1,HPRR3280115,PGLYRP2,PGLYRP2,813.8,f,W0092_2
D1,HPRR141665,SERPINA5,SERPINA5,52.539,f,W0092_2
D1,HPRR330186,VWF,VWF,21.4578,f,W0092_2
D1,HPRR2190035,LPA,LPA,4650.1,f,W0092_2
D1,HPRR3020294,OIT3,OIT3,0.784,f,W0092_2
D1,HPRR141283,NPC2,NPC2,4.704,f,W0092_2
D1,HPRR4340066,SERPINF1,SERPINF1,219.05,f,W0092_2
D1,HPRR670072,TFRC,TFRC,44.943,f,W0092_2
D1,HPRR670243,KIT,KIT,4.728,f,W0092_2
D1,HPRR2470190,GLIPR2,GLIPR2,13.624,f,W0092_2
D1,HPRR3420319,C8G,C8G - QPrEST 2,251.505,f,W0092_2
D1,HPRR2760045,NRP1,NRP1,1.676,f,W0092_2
D1,HPRR3700493,C2,C2,178.34,f,W0092_2
D1,HPRR400189,S100A9,S100A9,17.288,f,W0092_2
D1,HPRR1520004,B2M,B2M,334.225,f,W0092_2
D1,HPRR1770044,TGFBI,TGFBI,4.855,f,W0092_2
D1,HPRR140380,PYGL,PYGL,1.176,f,W0092_2
D1,HPRR2460059,INHBC,INHBC,7.772,f,W0092_2
D1,HPRR3730040,HGFAC,HGFAC,146.493,f,W0092_2
D1,HPRR4340126,APOE,APOE - QPrEST 2,43.54,f,W0092_2
D1,HPRR3420318,C8G,C8G - QPrEST 1,80.2165,f,W0092_2
D1,HPRR1950351,PON3,PON3,14.9328,f,W0092_2
D2,HPRR2470190,GLIPR2,GLIPR2,17.496,f,W0014_3
D2,HPRR3280115,PGLYRP2,PGLYRP2,774.3,f,W0014_3
D2,HPRR4340066,SERPINF1,SERPINF1,252.25,f,W0014_3
D2,HPRR141665,SERPINA5,SERPINA5,74.703,f,W0014_3
D2,HPRR1060029,IL1RAP,IL1RAP,9.132,f,W0014_3
D2,HPRR330186,VWF,VWF,15.2418,f,W0014_3
D2,HPRR3420319,C8G,C8G - QPrEST 2,318.9985,f,W0014_3
D2,HPRR1820055,POSTN,POSTN,1.06,f,W0014_3
D2,HPRR4200068,APOE,APOE - QPrEST 1,835.588,f,W0014_3
D2,HPRR3700493,C2,C2,157.34,f,W0014_3
D2,HPRR4340126,APOE,APOE - QPrEST 2,46.14,f,W0014_3
D2,HPRR2190035,LPA,LPA,9755.7,f,W0014_3
D2,HPRR670243,KIT,KIT,7.384,f,W0014_3
D2,HPRR140380,PYGL,PYGL,1.434,f,W0014_3
D2,HPRR400189,S100A9,S100A9,16.472,f,W0014_3
D2,HPRR3020294,OIT3,OIT3,1.166,f,W0014_3
D2,HPRR670072,TFRC,TFRC,82.047,f,W0014_3
D2,HPRR2460059,INHBC,INHBC,5.778,f,W0014_3
D2,HPRR141283,NPC2,NPC2,4.696,f,W0014_3
D2,HPRR3420318,C8G,C8G - QPrEST 1,122.71,f,W0014_3
D2,HPRR1770044,TGFBI,TGFBI,5.754,f,W0014_3
D2,HPRR1950351,PON3,PON3,10.2216,f,W0014_3
D2,HPRR3730040,HGFAC,HGFAC,114.975,f,W0014_3
D2,HPRR1520004,B2M,B2M,368.532,f,W0014_3
D3,HPRR670243,KIT,KIT,4.882,f,W0092_1
D3,HPRR141665,SERPINA5,SERPINA5,53.3955,f,W0092_1
D3,HPRR3420319,C8G,C8G - QPrEST 2,278.0585,f,W0092_1
D3,HPRR1060029,IL1RAP,IL1RAP,18.732,f,W0092_1
D3,HPRR330186,VWF,VWF,23.0328,f,W0092_1
D3,HPRR4340066,SERPINF1,SERPINF1,209.525,f,W0092_1
D3,HPRR140380,PYGL,PYGL,0.7,f,W0092_1
D3,HPRR3700493,C2,C2,201.08,f,W0092_1
D3,HPRR2460059,INHBC,INHBC,6.75,f,W0092_1
D3,HPRR3420318,C8G,C8G - QPrEST 1,107.471,f,W0092_1
D3,HPRR670072,TFRC,TFRC,48.06,f,W0092_1
D3,HPRR400189,S100A9,S100A9,21.604,f,W0092_1
D3,HPRR141283,NPC2,NPC2,5.75,f,W0092_1
D3,HPRR4200068,APOE,APOE - QPrEST 1,1158.196,f,W0092_1
D3,HPRR1770044,TGFBI,TGFBI,4.566,f,W0092_1
D3,HPRR3280115,PGLYRP2,PGLYRP2,849.75,f,W0092_1
D3,HPRR1520004,B2M,B2M,321.465,f,W0092_1
D3,HPRR3730040,HGFAC,HGFAC,153.45,f,W0092_1
D3,HPRR2470190,GLIPR2,GLIPR2,12.972,f,W0092_1
D3,HPRR3020294,OIT3,OIT3,0.814,f,W0092_1
D3,HPRR1820055,POSTN,POSTN,0.872,f,W0092_1
D3,HPRR2190035,LPA,LPA,6694.8,f,W0092_1
D3,HPRR4340126,APOE,APOE - QPrEST 2,51.18,f,W0092_1
D3,HPRR1950351,PON3,PON3,16.6608,f,W0092_1
D4,HPRR4340066,SERPINF1,SERPINF1,205.2,f,W0043_4
D4,HPRR140380,PYGL,PYGL,0.714,f,W0043_4
D4,HPRR400189,S100A9,S100A9,13.252,f,W0043_4
D4,HPRR1770044,TGFBI,TGFBI,5.299,f,W0043_4
D4,HPRR3420318,C8G,C8G - QPrEST 1,81.4695,f,W0043_4
D4,HPRR1060029,IL1RAP,IL1RAP,9.96,f,W0043_4
D4,HPRR141665,SERPINA5,SERPINA5,59.787,f,W0043_4
D4,HPRR3420319,C8G,C8G - QPrEST 2,222.226,f,W0043_4
D4,HPRR4340126,APOE,APOE - QPrEST 2,67.2,f,W0043_4
D4,HPRR2460059,INHBC,INHBC,2.62,f,W0043_4
D4,HPRR3730040,HGFAC,HGFAC,147.087,f,W0043_4
D4,HPRR1820055,POSTN,POSTN,0.77,f,W0043_4
D4,HPRR2470190,GLIPR2,GLIPR2,12.644,f,W0043_4
D4,HPRR3280115,PGLYRP2,PGLYRP2,589.7,f,W0043_4
D4,HPRR141283,NPC2,NPC2,5.06,f,W0043_4
D4,HPRR670243,KIT,KIT,5.502,f,W0043_4
D4,HPRR4200068,APOE,APOE - QPrEST 1,1396.876,f,W0043_4
D4,HPRR670072,TFRC,TFRC,51.306,f,W0043_4
D4,HPRR3020294,OIT3,OIT3,0.548,f,W0043_4
D4,HPRR1520004,B2M,B2M,282.431,f,W0043_4
D4,HPRR1950351,PON3,PON3,18.7512,f,W0043_4
D4,HPRR330186,VWF,VWF,11.9196,f,W0043_4
D4,HPRR2760045,NRP1,NRP1,1.236,f,W0043_4
D4,HPRR3700493,C2,C2,158.88,f,W0043_4
D5,HPRR2460059,INHBC,INHBC,3.892,m,W0061_3
D5,HPRR2470190,GLIPR2,GLIPR2,15.232,m,W0061_3
D5,HPRR3280115,PGLYRP2,PGLYRP2,717.95,m,W0061_3
D5,HPRR141283,NPC2,NPC2,5.094,m,W0061_3
D5,HPRR1770044,TGFBI,TGFBI,6.195,m,W0061_3
D5,HPRR4340126,APOE,APOE - QPrEST 2,20.98,m,W0061_3
D5,HPRR1520004,B2M,B2M,316.622,m,W0061_3
D5,HPRR3420319,C8G,C8G - QPrEST 2,251.2635,m,W0061_3
D5,HPRR3020294,OIT3,OIT3,0.632,m,W0061_3
D5,HPRR4340066,SERPINF1,SERPINF1,241.525,m,W0061_3
D5,HPRR330186,VWF,VWF,11.298,m,W0061_3
D5,HPRR1950351,PON3,PON3,13.6152,m,W0061_3
D5,HPRR3730040,HGFAC,HGFAC,124.362,m,W0061_3
D5,HPRR670072,TFRC,TFRC,57.708,m,W0061_3
D5,HPRR141665,SERPINA5,SERPINA5,40.206,m,W0061_3
D5,HPRR3420318,C8G,C8G - QPrEST 1,76.3385,m,W0061_3
D5,HPRR4200068,APOE,APOE - QPrEST 1,539.708,m,W0061_3
D5,HPRR140380,PYGL,PYGL,0.816,m,W0061_3
D5,HPRR1820055,POSTN,POSTN,0.578,m,W0061_3
D5,HPRR670243,KIT,KIT,4.09,m,W0061_3
D5,HPRR2190035,LPA,LPA,5090.6,m,W0061_3
D5,HPRR3700493,C2,C2,158.94,m,W0061_3
D5,HPRR1060029,IL1RAP,IL1RAP,8.616,m,W0061_3
D5,HPRR400189,S100A9,S100A9,14.536,m,W0061_3
D6,HPRR2460059,INHBC,INHBC,3.478,f,W0043_3
D6,HPRR1950351,PON3,PON3,19.7088,f,W0043_3
D6,HPRR3420318,C8G,C8G - QPrEST 1,61.719,f,W0043_3
D6,HPRR2470190,GLIPR2,GLIPR2,13.004,f,W0043_3
D6,HPRR1770044,TGFBI,TGFBI,5.733,f,W0043_3
D6,HPRR3280115,PGLYRP2,PGLYRP2,671.25,f,W0043_3
D6,HPRR3420319,C8G,C8G - QPrEST 2,209.116,f,W0043_3
D6,HPRR3730040,HGFAC,HGFAC,123.165,f,W0043_3
D6,HPRR1520004,B2M,B2M,323.669,f,W0043_3
D6,HPRR3700493,C2,C2,191.8,f,W0043_3
D6,HPRR4340126,APOE,APOE - QPrEST 2,66,f,W0043_3
D6,HPRR330186,VWF,VWF,20.4162,f,W0043_3
D6,HPRR141283,NPC2,NPC2,4.52,f,W0043_3
D6,HPRR400189,S100A9,S100A9,12.1,f,W0043_3
D6,HPRR1060029,IL1RAP,IL1RAP,8.626,f,W0043_3
D6,HPRR670243,KIT,KIT,4,f,W0043_3
D6,HPRR3020294,OIT3,OIT3,0.388,f,W0043_3
D6,HPRR141665,SERPINA5,SERPINA5,47.436,f,W0043_3
D6,HPRR1820055,POSTN,POSTN,0.462,f,W0043_3
D6,HPRR4200068,APOE,APOE - QPrEST 1,1175.252,f,W0043_3
D6,HPRR670072,TFRC,TFRC,64.26,f,W0043_3
D6,HPRR140380,PYGL,PYGL,0.842,f,W0043_3
D6,HPRR4340066,SERPINF1,SERPINF1,207.375,f,W0043_3
D7,HPRR2470190,GLIPR2,GLIPR2,15.524,f,W0052_4
D7,HPRR3420319,C8G,C8G - QPrEST 2,264.2125,f,W0052_4
D7,HPRR330186,VWF,VWF,10.605,f,W0052_4
D7,HPRR3020294,OIT3,OIT3,0.73,f,W0052_4
D7,HPRR1770044,TGFBI,TGFBI,3.729,f,W0052_4
D7,HPRR670243,KIT,KIT,5.18,f,W0052_4
D7,HPRR400189,S100A9,S100A9,8.268,f,W0052_4
D7,HPRR1520004,B2M,B2M,277.994,f,W0052_4
D7,HPRR3730040,HGFAC,HGFAC,155.457,f,W0052_4
D7,HPRR3420318,C8G,C8G - QPrEST 1,115.346,f,W0052_4
D7,HPRR4200068,APOE,APOE - QPrEST 1,1541.176,f,W0052_4
D7,HPRR4340126,APOE,APOE - QPrEST 2,61.32,f,W0052_4
D7,HPRR3280115,PGLYRP2,PGLYRP2,701.75,f,W0052_4
D7,HPRR4340066,SERPINF1,SERPINF1,185.1,f,W0052_4
D7,HPRR670072,TFRC,TFRC,74.241,f,W0052_4
D7,HPRR2460059,INHBC,INHBC,6.506,f,W0052_4
D7,HPRR1950351,PON3,PON3,14.0328,f,W0052_4
D7,HPRR3700493,C2,C2,78.72,f,W0052_4
D7,HPRR140380,PYGL,PYGL,0.942,f,W0052_4
D7,HPRR141283,NPC2,NPC2,3.548,f,W0052_4
D7,HPRR1060029,IL1RAP,IL1RAP,9.806,f,W0052_4
D7,HPRR141665,SERPINA5,SERPINA5,36.3825,f,W0052_4
D8,HPRR3420319,C8G,C8G - QPrEST 2,198.6395,m,W0074_3
D8,HPRR2760045,NRP1,NRP1,1.954,m,W0074_3
D8,HPRR1770044,TGFBI,TGFBI,3.99,m,W0074_3
D8,HPRR2190035,LPA,LPA,1047.1,m,W0074_3
D8,HPRR3420318,C8G,C8G - QPrEST 1,56.126,m,W0074_3
D8,HPRR141283,NPC2,NPC2,4.132,m,W0074_3
D8,HPRR670243,KIT,KIT,3.618,m,W0074_3
D8,HPRR3730040,HGFAC,HGFAC,151.83,m,W0074_3
D8,HPRR2470190,GLIPR2,GLIPR2,15.492,m,W0074_3
D8,HPRR3700493,C2,C2,123.72,m,W0074_3
D8,HPRR4340126,APOE,APOE - QPrEST 2,40.1,m,W0074_3
D8,HPRR4200068,APOE,APOE - QPrEST 1,856.232,m,W0074_3
D8,HPRR3280115,PGLYRP2,PGLYRP2,642.5,m,W0074_3
D8,HPRR3020294,OIT3,OIT3,0.78,m,W0074_3
D8,HPRR4340066,SERPINF1,SERPINF1,181.375,m,W0074_3
D8,HPRR400189,S100A9,S100A9,7.7,m,W0074_3
D8,HPRR141665,SERPINA5,SERPINA5,25.8225,m,W0074_3
D8,HPRR1060029,IL1RAP,IL1RAP,5.968,m,W0074_3
D8,HPRR1950351,PON3,PON3,10.5864,m,W0074_3
D8,HPRR330186,VWF,VWF,10.605,m,W0074_3
D8,HPRR1520004,B2M,B2M,258.593,m,W0074_3
D8,HPRR140380,PYGL,PYGL,0.636,m,W0074_3
D8,HPRR1820055,POSTN,POSTN,0.438,m,W0074_3
D8,HPRR2460059,INHBC,INHBC,3.962,m,W0074_3
D9,HPRR330186,VWF,VWF,12.6504,f,W0052_3
D9,HPRR1770044,TGFBI,TGFBI,3.852,f,W0052_3
D9,HPRR3420318,C8G,C8G - QPrEST 1,122.3425,f,W0052_3
D9,HPRR3700493,C2,C2,72.24,f,W0052_3
D9,HPRR141283,NPC2,NPC2,4.024,f,W0052_3
D9,HPRR3730040,HGFAC,HGFAC,204.939,f,W0052_3
D9,HPRR2760045,NRP1,NRP1,1.2,f,W0052_3
D9,HPRR3280115,PGLYRP2,PGLYRP2,759.3,f,W0052_3
D9,HPRR4340126,APOE,APOE - QPrEST 2,69.78,f,W0052_3
D9,HPRR400189,S100A9,S100A9,8.372,f,W0052_3
D9,HPRR141665,SERPINA5,SERPINA5,22.326,f,W0052_3
D9,HPRR1950351,PON3,PON3,17.2512,f,W0052_3
D9,HPRR3020294,OIT3,OIT3,0.992,f,W0052_3
D9,HPRR1520004,B2M,B2M,348.232,f,W0052_3
D9,HPRR670243,KIT,KIT,6.004,f,W0052_3
D9,HPRR4200068,APOE,APOE - QPrEST 1,1535.144,f,W0052_3
D9,HPRR140380,PYGL,PYGL,0.962,f,W0052_3
D9,HPRR4340066,SERPINF1,SERPINF1,210.35,f,W0052_3
D9,HPRR2470190,GLIPR2,GLIPR2,17.752,f,W0052_3
D9,HPRR1820055,POSTN,POSTN,0.718,f,W0052_3
D9,HPRR2460059,INHBC,INHBC,7.148,f,W0052_3
D9,HPRR670072,TFRC,TFRC,89.124,f,W0052_3
D9,HPRR1060029,IL1RAP,IL1RAP,10.072,f,W0052_3
D9,HPRR3420319,C8G,C8G - QPrEST 2,259.624,f,W0052_3
E1,HPRR1520004,B2M,B2M,356.526,f,W0066_4
E1,HPRR2190035,LPA,LPA,568.9,f,W0066_4
E1,HPRR330186,VWF,VWF,9.7902,f,W0066_4
E1,HPRR4340066,SERPINF1,SERPINF1,224.875,f,W0066_4
E1,HPRR141665,SERPINA5,SERPINA5,30.6585,f,W0066_4
E1,HPRR141283,NPC2,NPC2,4.666,f,W0066_4
E1,HPRR3020294,OIT3,OIT3,0.728,f,W0066_4
E1,HPRR2470190,GLIPR2,GLIPR2,14.336,f,W0066_4
E1,HPRR2760045,NRP1,NRP1,2.374,f,W0066_4
E1,HPRR3700493,C2,C2,160.96,f,W0066_4
E1,HPRR4200068,APOE,APOE - QPrEST 1,963.664,f,W0066_4
E1,HPRR3280115,PGLYRP2,PGLYRP2,714.5,f,W0066_4
E1,HPRR1770044,TGFBI,TGFBI,2.853,f,W0066_4
E1,HPRR1950351,PON3,PON3,9.9072,f,W0066_4
E1,HPRR140380,PYGL,PYGL,0.668,f,W0066_4
E1,HPRR1060029,IL1RAP,IL1RAP,11.806,f,W0066_4
E1,HPRR670072,TFRC,TFRC,48.657,f,W0066_4
E1,HPRR400189,S100A9,S100A9,15.684,f,W0066_4
E1,HPRR670243,KIT,KIT,3.448,f,W0066_4
E1,HPRR1820055,POSTN,POSTN,0.574,f,W0066_4
E1,HPRR2460059,INHBC,INHBC,10.158,f,W0066_4
E1,HPRR4340126,APOE,APOE - QPrEST 2,45.34,f,W0066_4
E1,HPRR3420319,C8G,C8G - QPrEST 2,258.934,f,W0066_4
E1,HPRR3730040,HGFAC,HGFAC,137.241,f,W0066_4
E1,HPRR3420318,C8G,C8G - QPrEST 1,105.966,f,W0066_4
E2,HPRR2760045,NRP1,NRP1,1.964,f,W0066_2
E2,HPRR3020294,OIT3,OIT3,0.804,f,W0066_2
E2,HPRR1060029,IL1RAP,IL1RAP,15.292,f,W0066_2
E2,HPRR2190035,LPA,LPA,1224.8,f,W0066_2
E2,HPRR4340066,SERPINF1,SERPINF1,231.25,f,W0066_2
E2,HPRR3700493,C2,C2,160.9,f,W0066_2
E2,HPRR141283,NPC2,NPC2,4.378,f,W0066_2
E2,HPRR3280115,PGLYRP2,PGLYRP2,749.35,f,W0066_2
E2,HPRR2470190,GLIPR2,GLIPR2,14.896,f,W0066_2
E2,HPRR2460059,INHBC,INHBC,7.918,f,W0066_2
E2,HPRR4340126,APOE,APOE - QPrEST 2,52.7,f,W0066_2
E2,HPRR140380,PYGL,PYGL,0.782,f,W0066_2
E2,HPRR670072,TFRC,TFRC,59.52,f,W0066_2
E2,HPRR3730040,HGFAC,HGFAC,187.254,f,W0066_2
E2,HPRR1520004,B2M,B2M,339.561,f,W0066_2
E2,HPRR330186,VWF,VWF,9.5466,f,W0066_2
E2,HPRR4200068,APOE,APOE - QPrEST 1,1185.808,f,W0066_2
E2,HPRR1950351,PON3,PON3,12.2976,f,W0066_2
E2,HPRR141665,SERPINA5,SERPINA5,6.96,f,W0066_2
E2,HPRR1820055,POSTN,POSTN,0.802,f,W0066_2
E2,HPRR3420318,C8G,C8G - QPrEST 1,113.1445,f,W0066_2
E2,HPRR400189,S100A9,S100A9,20.44,f,W0066_2
E2,HPRR670243,KIT,KIT,4.246,f,W0066_2
E2,HPRR1770044,TGFBI,TGFBI,3.606,f,W0066_2
E2,HPRR3420319,C8G,C8G - QPrEST 2,261.8665,f,W0066_2
E3,HPRR2470190,GLIPR2,GLIPR2,15.244,f,W0021_1
E3,HPRR141283,NPC2,NPC2,4.176,f,W0021_1
E3,HPRR3020294,OIT3,OIT3,1.096,f,W0021_1
E3,HPRR140380,PYGL,PYGL,1.022,f,W0021_1
E3,HPRR2460059,INHBC,INHBC,10.954,f,W0021_1
E3,HPRR400189,S100A9,S100A9,34.884,f,W0021_1
E3,HPRR4340066,SERPINF1,SERPINF1,315.525,f,W0021_1
E3,HPRR670072,TFRC,TFRC,69.228,f,W0021_1
E3,HPRR3280115,PGLYRP2,PGLYRP2,776.8,f,W0021_1
E3,HPRR2190035,LPA,LPA,1225.5,f,W0021_1
E3,HPRR4200068,APOE,APOE - QPrEST 1,1196.624,f,W0021_1
E3,HPRR3730040,HGFAC,HGFAC,304.812,f,W0021_1
E3,HPRR1820055,POSTN,POSTN,0.346,f,W0021_1
E3,HPRR3420319,C8G,C8G - QPrEST 2,334.5465,f,W0021_1
E3,HPRR3420318,C8G,C8G - QPrEST 1,84.574,f,W0021_1
E3,HPRR1950351,PON3,PON3,9.024,f,W0021_1
E3,HPRR670243,KIT,KIT,4.674,f,W0021_1
E3,HPRR1060029,IL1RAP,IL1RAP,7.514,f,W0021_1
E3,HPRR330186,VWF,VWF,9.4542,f,W0021_1
E3,HPRR4340126,APOE,APOE - QPrEST 2,52.96,f,W0021_1
E3,HPRR3700493,C2,C2,203,f,W0021_1
E3,HPRR1770044,TGFBI,TGFBI,4.84,f,W0021_1
E3,HPRR1520004,B2M,B2M,311.344,f,W0021_1
E4,HPRR3020294,OIT3,OIT3,1.108,f,W0021_3
E4,HPRR4340066,SERPINF1,SERPINF1,307.45,f,W0021_3
E4,HPRR141283,NPC2,NPC2,5.242,f,W0021_3
E4,HPRR1820055,POSTN,POSTN,0.822,f,W0021_3
E4,HPRR3280115,PGLYRP2,PGLYRP2,828.05,f,W0021_3
E4,HPRR330186,VWF,VWF,7.9128,f,W0021_3
E4,HPRR2470190,GLIPR2,GLIPR2,15.64,f,W0021_3
E4,HPRR3700493,C2,C2,200.8,f,W0021_3
E4,HPRR140380,PYGL,PYGL,1.05,f,W0021_3
E4,HPRR3420318,C8G,C8G - QPrEST 1,97.832,f,W0021_3
E4,HPRR670243,KIT,KIT,6.264,f,W0021_3
E4,HPRR141665,SERPINA5,SERPINA5,1.02,f,W0021_3
E4,HPRR1060029,IL1RAP,IL1RAP,7.214,f,W0021_3
E4,HPRR4200068,APOE,APOE - QPrEST 1,1058.928,f,W0021_3
E4,HPRR2190035,LPA,LPA,989.6,f,W0021_3
E4,HPRR2460059,INHBC,INHBC,11.526,f,W0021_3
E4,HPRR3730040,HGFAC,HGFAC,277.65,f,W0021_3
E4,HPRR3420319,C8G,C8G - QPrEST 2,323.9205,f,W0021_3
E4,HPRR4340126,APOE,APOE - QPrEST 2,62.12,f,W0021_3
E4,HPRR1950351,PON3,PON3,8.9712,f,W0021_3
E4,HPRR1770044,TGFBI,TGFBI,5.546,f,W0021_3
E4,HPRR1520004,B2M,B2M,305.051,f,W0021_3
E4,HPRR400189,S100A9,S100A9,27.736,f,W0021_3
E4,HPRR670072,TFRC,TFRC,63.3,f,W0021_3
E4,HPRR2760045,NRP1,NRP1,2.118,f,W0021_3
E5,HPRR3280115,PGLYRP2,PGLYRP2,716.25,m,W0074_4
E5,HPRR3020294,OIT3,OIT3,0.754,m,W0074_4
E5,HPRR1820055,POSTN,POSTN,0.508,m,W0074_4
E5,HPRR2460059,INHBC,INHBC,5.002,m,W0074_4
E5,HPRR2470190,GLIPR2,GLIPR2,15.9,m,W0074_4
E5,HPRR1770044,TGFBI,TGFBI,3.973,m,W0074_4
E5,HPRR3700493,C2,C2,141.62,m,W0074_4
E5,HPRR4340066,SERPINF1,SERPINF1,172.775,m,W0074_4
E5,HPRR141283,NPC2,NPC2,3.936,m,W0074_4
E5,HPRR3420319,C8G,C8G - QPrEST 2,190.9,m,W0074_4
E5,HPRR141665,SERPINA5,SERPINA5,39.6375,m,W0074_4
E5,HPRR4340126,APOE,APOE - QPrEST 2,48.66,m,W0074_4
E5,HPRR140380,PYGL,PYGL,0.684,m,W0074_4
E5,HPRR4200068,APOE,APOE - QPrEST 1,939.848,m,W0074_4
E5,HPRR3730040,HGFAC,HGFAC,142.839,m,W0074_4
E5,HPRR1060029,IL1RAP,IL1RAP,5.738,m,W0074_4
E5,HPRR400189,S100A9,S100A9,9.94,m,W0074_4
E5,HPRR670243,KIT,KIT,3.908,m,W0074_4
E5,HPRR330186,VWF,VWF,14.4984,m,W0074_4
E5,HPRR1520004,B2M,B2M,272.687,m,W0074_4
E5,HPRR2760045,NRP1,NRP1,2.15,m,W0074_4
E5,HPRR1950351,PON3,PON3,12.4632,m,W0074_4
E5,HPRR3420318,C8G,C8G - QPrEST 1,81.7145,m,W0074_4
E5,HPRR2190035,LPA,LPA,1003.6,m,W0074_4
E6,HPRR1770044,TGFBI,TGFBI,5.962,m,W0071_1
E6,HPRR4340126,APOE,APOE - QPrEST 2,32.68,m,W0071_1
E6,HPRR4340066,SERPINF1,SERPINF1,282.45,m,W0071_1
E6,HPRR3420319,C8G,C8G - QPrEST 2,190.624,m,W0071_1
E6,HPRR3700493,C2,C2,162.16,m,W0071_1
E6,HPRR330186,VWF,VWF,7.3374,m,W0071_1
E6,HPRR140380,PYGL,PYGL,0.946,m,W0071_1
E6,HPRR1060029,IL1RAP,IL1RAP,6.334,m,W0071_1
E6,HPRR141283,NPC2,NPC2,4.852,m,W0071_1
E6,HPRR3420318,C8G,C8G - QPrEST 1,89.502,m,W0071_1
E6,HPRR141665,SERPINA5,SERPINA5,58.6485,m,W0071_1
E6,HPRR1820055,POSTN,POSTN,0.826,m,W0071_1
E6,HPRR1520004,B2M,B2M,286.433,m,W0071_1
E6,HPRR4200068,APOE,APOE - QPrEST 1,820.248,m,W0071_1
E6,HPRR670072,TFRC,TFRC,129.456,m,W0071_1
E6,HPRR3280115,PGLYRP2,PGLYRP2,728.45,m,W0071_1
E6,HPRR2470190,GLIPR2,GLIPR2,12.856,m,W0071_1
E6,HPRR3730040,HGFAC,HGFAC,139.41,m,W0071_1
E6,HPRR2760045,NRP1,NRP1,1.89,m,W0071_1
E6,HPRR400189,S100A9,S100A9,9.728,m,W0071_1
E6,HPRR2460059,INHBC,INHBC,8.762,m,W0071_1
E6,HPRR1950351,PON3,PON3,13.356,m,W0071_1
E6,HPRR2190035,LPA,LPA,992.3,m,W0071_1
E6,HPRR3020294,OIT3,OIT3,1.044,m,W0071_1
E6,HPRR670243,KIT,KIT,4.81,m,W0071_1
E8,HPRR3700493,C2,C2,130.06,m,W0016_4
E8,HPRR2470190,GLIPR2,GLIPR2,14.448,m,W0016_4
E8,HPRR2190035,LPA,LPA,337.1,m,W0016_4
E8,HPRR1770044,TGFBI,TGFBI,4.188,m,W0016_4
E8,HPRR4340126,APOE,APOE - QPrEST 2,52.68,m,W0016_4
E8,HPRR330186,VWF,VWF,8.5386,m,W0016_4
E8,HPRR4200068,APOE,APOE - QPrEST 1,1089.972,m,W0016_4
E8,HPRR1950351,PON3,PON3,9.0048,m,W0016_4
E8,HPRR140380,PYGL,PYGL,0.586,m,W0016_4
E8,HPRR1820055,POSTN,POSTN,0.748,m,W0016_4
E8,HPRR3420319,C8G,C8G - QPrEST 2,265.3395,m,W0016_4
E8,HPRR3420318,C8G,C8G - QPrEST 1,97.048,m,W0016_4
E8,HPRR3280115,PGLYRP2,PGLYRP2,931.55,m,W0016_4
E8,HPRR141283,NPC2,NPC2,4.602,m,W0016_4
E8,HPRR2460059,INHBC,INHBC,9.094,m,W0016_4
E8,HPRR1060029,IL1RAP,IL1RAP,7.204,m,W0016_4
E8,HPRR3020294,OIT3,OIT3,1.212,m,W0016_4
E8,HPRR4340066,SERPINF1,SERPINF1,257.275,m,W0016_4
E8,HPRR1520004,B2M,B2M,257.81,m,W0016_4
E8,HPRR3730040,HGFAC,HGFAC,150.228,m,W0016_4
E8,HPRR141665,SERPINA5,SERPINA5,1.644,m,W0016_4
E8,HPRR400189,S100A9,S100A9,25.528,m,W0016_4
E8,HPRR670243,KIT,KIT,4.01,m,W0016_4
E9,HPRR1770044,TGFBI,TGFBI,5.648,m,W0073_4
E9,HPRR330186,VWF,VWF,31.857,m,W0073_4
E9,HPRR2190035,LPA,LPA,447.6,m,W0073_4
E9,HPRR3420319,C8G,C8G - QPrEST 2,261.924,m,W0073_4
E9,HPRR1950351,PON3,PON3,10.5168,m,W0073_4
E9,HPRR1520004,B2M,B2M,266.104,m,W0073_4
E9,HPRR3420318,C8G,C8G - QPrEST 1,158.774,m,W0073_4
E9,HPRR4200068,APOE,APOE - QPrEST 1,599.924,m,W0073_4
E9,HPRR3700493,C2,C2,165.26,m,W0073_4
E9,HPRR4340126,APOE,APOE - QPrEST 2,26.6,m,W0073_4
E9,HPRR3020294,OIT3,OIT3,0.882,m,W0073_4
E9,HPRR141665,SERPINA5,SERPINA5,40.7865,m,W0073_4
E9,HPRR140380,PYGL,PYGL,0.674,m,W0073_4
E9,HPRR2470190,GLIPR2,GLIPR2,11.764,m,W0073_4
E9,HPRR2460059,INHBC,INHBC,3.836,m,W0073_4
E9,HPRR141283,NPC2,NPC2,4.71,m,W0073_4
E9,HPRR2760045,NRP1,NRP1,0.894,m,W0073_4
E9,HPRR3280115,PGLYRP2,PGLYRP2,720.85,m,W0073_4
E9,HPRR4340066,SERPINF1,SERPINF1,235.7,m,W0073_4
E9,HPRR1060029,IL1RAP,IL1RAP,9.476,m,W0073_4
E9,HPRR1820055,POSTN,POSTN,0.54,m,W0073_4
E9,HPRR3730040,HGFAC,HGFAC,136.935,m,W0073_4
E9,HPRR670072,TFRC,TFRC,79.896,m,W0073_4
E9,HPRR670243,KIT,KIT,3.2,m,W0073_4
E9,HPRR400189,S100A9,S100A9,6.604,m,W0073_4
F1,HPRR1520004,B2M,B2M,389.093,f,W0066_3
F1,HPRR1950351,PON3,PON3,14.1312,f,W0066_3
F1,HPRR3420319,C8G,C8G - QPrEST 2,322.874,f,W0066_3
F1,HPRR3420318,C8G,C8G - QPrEST 1,150.4685,f,W0066_3
F1,HPRR3700493,C2,C2,199.36,f,W0066_3
F1,HPRR2760045,NRP1,NRP1,1.168,f,W0066_3
F1,HPRR3020294,OIT3,OIT3,0.802,f,W0066_3
F1,HPRR4200068,APOE,APOE - QPrEST 1,1012.284,f,W0066_3
F1,HPRR670072,TFRC,TFRC,43.11,f,W0066_3
F1,HPRR330186,VWF,VWF,9.3408,f,W0066_3
F1,HPRR1770044,TGFBI,TGFBI,3.857,f,W0066_3
F1,HPRR141665,SERPINA5,SERPINA5,17.667,f,W0066_3
F1,HPRR2460059,INHBC,INHBC,8.618,f,W0066_3
F1,HPRR2470190,GLIPR2,GLIPR2,14.26,f,W0066_3
F1,HPRR141283,NPC2,NPC2,5.358,f,W0066_3
F1,HPRR4340126,APOE,APOE - QPrEST 2,53.94,f,W0066_3
F1,HPRR3730040,HGFAC,HGFAC,144.162,f,W0066_3
F1,HPRR1060029,IL1RAP,IL1RAP,13.362,f,W0066_3
F1,HPRR670243,KIT,KIT,4.124,f,W0066_3
F1,HPRR4340066,SERPINF1,SERPINF1,242.825,f,W0066_3
F1,HPRR3280115,PGLYRP2,PGLYRP2,730.6,f,W0066_3
F1,HPRR1820055,POSTN,POSTN,0.834,f,W0066_3
F1,HPRR400189,S100A9,S100A9,29.856,f,W0066_3
F1,HPRR140380,PYGL,PYGL,0.848,f,W0066_3
F2,HPRR1770044,TGFBI,TGFBI,3.751,f,W0066_1
F2,HPRR3420318,C8G,C8G - QPrEST 1,110.495,f,W0066_1
F2,HPRR1520004,B2M,B2M,329.904,f,W0066_1
F2,HPRR2190035,LPA,LPA,749,f,W0066_1
F2,HPRR4340126,APOE,APOE - QPrEST 2,59.14,f,W0066_1
F2,HPRR3700493,C2,C2,192.4,f,W0066_1
F2,HPRR3420319,C8G,C8G - QPrEST 2,272.7455,f,W0066_1
F2,HPRR4200068,APOE,APOE - QPrEST 1,1136.304,f,W0066_1
F2,HPRR2760045,NRP1,NRP1,1.438,f,W0066_1
F2,HPRR1950351,PON3,PON3,12.4008,f,W0066_1
F2,HPRR330186,VWF,VWF,6.2622,f,W0066_1
F2,HPRR670243,KIT,KIT,4.182,f,W0066_1
F2,HPRR141283,NPC2,NPC2,4.798,f,W0066_1
F2,HPRR670072,TFRC,TFRC,49.095,f,W0066_1
F2,HPRR4340066,SERPINF1,SERPINF1,258.2,f,W0066_1
F2,HPRR400189,S100A9,S100A9,26.336,f,W0066_1
F2,HPRR3020294,OIT3,OIT3,0.812,f,W0066_1
F2,HPRR141665,SERPINA5,SERPINA5,3.36,f,W0066_1
F2,HPRR3730040,HGFAC,HGFAC,173.268,f,W0066_1
F2,HPRR3280115,PGLYRP2,PGLYRP2,775.6,f,W0066_1
F2,HPRR1060029,IL1RAP,IL1RAP,13.524,f,W0066_1
F2,HPRR1820055,POSTN,POSTN,0.768,f,W0066_1
F2,HPRR2470190,GLIPR2,GLIPR2,15.48,f,W0066_1
F2,HPRR2460059,INHBC,INHBC,10.502,f,W0066_1
F2,HPRR140380,PYGL,PYGL,1.066,f,W0066_1
F3,HPRR1520004,B2M,B2M,320.247,f,W0052_2
F3,HPRR3700493,C2,C2,99.7,f,W0052_2
F3,HPRR141283,NPC2,NPC2,4.67,f,W0052_2
F3,HPRR4340126,APOE,APOE - QPrEST 2,66.62,f,W0052_2
F3,HPRR1770044,TGFBI,TGFBI,3.892,f,W0052_2
F3,HPRR2760045,NRP1,NRP1,1.468,f,W0052_2
F3,HPRR400189,S100A9,S100A9,9.78,f,W0052_2
F3,HPRR3420318,C8G,C8G - QPrEST 1,128.0615,f,W0052_2
F3,HPRR1950351,PON3,PON3,18.4056,f,W0052_2
F3,HPRR330186,VWF,VWF,12.2556,f,W0052_2
F3,HPRR3020294,OIT3,OIT3,1.112,f,W0052_2
F3,HPRR141665,SERPINA5,SERPINA5,20.2095,f,W0052_2
F3,HPRR4340066,SERPINF1,SERPINF1,205,f,W0052_2
F3,HPRR2470190,GLIPR2,GLIPR2,18.276,f,W0052_2
F3,HPRR4200068,APOE,APOE - QPrEST 1,1586.832,f,W0052_2
F3,HPRR3730040,HGFAC,HGFAC,201.159,f,W0052_2
F3,HPRR670072,TFRC,TFRC,81.69,f,W0052_2
F3,HPRR3280115,PGLYRP2,PGLYRP2,723.1,f,W0052_2
F3,HPRR670243,KIT,KIT,6.206,f,W0052_2
F3,HPRR1060029,IL1RAP,IL1RAP,10.852,f,W0052_2
F3,HPRR3420319,C8G,C8G - QPrEST 2,290.214,f,W0052_2
F3,HPRR1820055,POSTN,POSTN,0.418,f,W0052_2
F3,HPRR2460059,INHBC,INHBC,7.172,f,W0052_2
F3,HPRR140380,PYGL,PYGL,1.154,f,W0052_2
F4,HPRR1770044,TGFBI,TGFBI,4.544,m,W0031_3
F4,HPRR3700493,C2,C2,181.32,m,W0031_3
F4,HPRR141283,NPC2,NPC2,3.506,m,W0031_3
F4,HPRR1520004,B2M,B2M,263.958,m,W0031_3
F4,HPRR4340126,APOE,APOE - QPrEST 2,41.26,m,W0031_3
F4,HPRR4340066,SERPINF1,SERPINF1,190.35,m,W0031_3
F4,HPRR400189,S100A9,S100A9,8.04,m,W0031_3
F4,HPRR141665,SERPINA5,SERPINA5,45.7575,m,W0031_3
F4,HPRR2190035,LPA,LPA,786.9,m,W0031_3
F4,HPRR4200068,APOE,APOE - QPrEST 1,834.6,m,W0031_3
F4,HPRR1950351,PON3,PON3,12.408,m,W0031_3
F4,HPRR330186,VWF,VWF,7.7154,m,W0031_3
F4,HPRR2760045,NRP1,NRP1,2.412,m,W0031_3
F4,HPRR3420318,C8G,C8G - QPrEST 1,69.1215,m,W0031_3
F4,HPRR3730040,HGFAC,HGFAC,95.58,m,W0031_3
F4,HPRR3020294,OIT3,OIT3,0.79,m,W0031_3
F4,HPRR2470190,GLIPR2,GLIPR2,18.452,m,W0031_3
F4,HPRR3280115,PGLYRP2,PGLYRP2,720.95,m,W0031_3
F4,HPRR670243,KIT,KIT,4.088,m,W0031_3
F4,HPRR3420319,C8G,C8G - QPrEST 2,201.549,m,W0031_3
F4,HPRR140380,PYGL,PYGL,1.228,m,W0031_3
F4,HPRR2460059,INHBC,INHBC,2.742,m,W0031_3
F4,HPRR1820055,POSTN,POSTN,0.652,m,W0031_3
F4,HPRR1060029,IL1RAP,IL1RAP,5.93,m,W0031_3
F5,HPRR3700493,C2,C2,197.84,m,W0031_2
F5,HPRR1520004,B2M,B2M,333.007,m,W0031_2
F5,HPRR4200068,APOE,APOE - QPrEST 1,1153.776,m,W0031_2
F5,HPRR330186,VWF,VWF,12.1464,m,W0031_2
F5,HPRR3020294,OIT3,OIT3,0.938,m,W0031_2
F5,HPRR4340066,SERPINF1,SERPINF1,258.3,m,W0031_2
F5,HPRR141665,SERPINA5,SERPINA5,56.8635,m,W0031_2
F5,HPRR141283,NPC2,NPC2,4.884,m,W0031_2
F5,HPRR1950351,PON3,PON3,15.2352,m,W0031_2
F5,HPRR400189,S100A9,S100A9,18.412,m,W0031_2
F5,HPRR1770044,TGFBI,TGFBI,5.37,m,W0031_2
F5,HPRR2190035,LPA,LPA,712.1,m,W0031_2
F5,HPRR3280115,PGLYRP2,PGLYRP2,858.9,m,W0031_2
F5,HPRR1060029,IL1RAP,IL1RAP,7.368,m,W0031_2
F5,HPRR1820055,POSTN,POSTN,0.922,m,W0031_2
F5,HPRR4340126,APOE,APOE - QPrEST 2,55.08,m,W0031_2
F5,HPRR2470190,GLIPR2,GLIPR2,21.628,m,W0031_2
F5,HPRR2460059,INHBC,INHBC,4.534,m,W0031_2
F5,HPRR140380,PYGL,PYGL,1.78,m,W0031_2
F5,HPRR2760045,NRP1,NRP1,1.67,m,W0031_2
F5,HPRR670243,KIT,KIT,5.644,m,W0031_2
F5,HPRR3420318,C8G,C8G - QPrEST 1,70.483,m,W0031_2
F5,HPRR3730040,HGFAC,HGFAC,108.774,m,W0031_2
F5,HPRR3420319,C8G,C8G - QPrEST 2,226.458,m,W0031_2
F6,HPRR3700493,C2,C2,169.16,m,W0071_4
F6,HPRR330186,VWF,VWF,11.6634,m,W0071_4
F6,HPRR2760045,NRP1,NRP1,0.402,m,W0071_4
F6,HPRR141283,NPC2,NPC2,3.866,m,W0071_4
F6,HPRR1520004,B2M,B2M,323.118,m,W0071_4
F6,HPRR4340066,SERPINF1,SERPINF1,318.875,m,W0071_4
F6,HPRR141665,SERPINA5,SERPINA5,60.588,m,W0071_4
F6,HPRR1820055,POSTN,POSTN,0.652,m,W0071_4
F6,HPRR4340126,APOE,APOE - QPrEST 2,61.26,m,W0071_4
F6,HPRR3420318,C8G,C8G - QPrEST 1,76.839,m,W0071_4
F6,HPRR2190035,LPA,LPA,316.6,m,W0071_4
F6,HPRR4200068,APOE,APOE - QPrEST 1,1049.256,m,W0071_4
F6,HPRR400189,S100A9,S100A9,13.86,m,W0071_4
F6,HPRR670072,TFRC,TFRC,89.883,m,W0071_4
F6,HPRR1770044,TGFBI,TGFBI,6.13,m,W0071_4
F6,HPRR3020294,OIT3,OIT3,0.924,m,W0071_4
F6,HPRR1950351,PON3,PON3,9.54,m,W0071_4
F6,HPRR2470190,GLIPR2,GLIPR2,12.468,m,W0071_4
F6,HPRR2460059,INHBC,INHBC,11.744,m,W0071_4
F6,HPRR670243,KIT,KIT,4.264,m,W0071_4
F6,HPRR3280115,PGLYRP2,PGLYRP2,805.25,m,W0071_4
F6,HPRR3730040,HGFAC,HGFAC,139.941,m,W0071_4
F6,HPRR1060029,IL1RAP,IL1RAP,5.822,m,W0071_4
F6,HPRR140380,PYGL,PYGL,0.92,m,W0071_4
F6,HPRR3420319,C8G,C8G - QPrEST 2,206.379,m,W0071_4
F7,HPRR4340066,SERPINF1,SERPINF1,263.75,f,W0036_4
F7,HPRR330186,VWF,VWF,24.0954,f,W0036_4
F7,HPRR2760045,NRP1,NRP1,1.628,f,W0036_4
F7,HPRR2190035,LPA,LPA,249.8,f,W0036_4
F7,HPRR4200068,APOE,APOE - QPrEST 1,1305.928,f,W0036_4
F7,HPRR1520004,B2M,B2M,253.199,f,W0036_4
F7,HPRR3700493,C2,C2,210.9,f,W0036_4
F7,HPRR141665,SERPINA5,SERPINA5,2.565,f,W0036_4
F7,HPRR141283,NPC2,NPC2,4.598,f,W0036_4
F7,HPRR1950351,PON3,PON3,11.9472,f,W0036_4
F7,HPRR1060029,IL1RAP,IL1RAP,18.904,f,W0036_4
F7,HPRR1770044,TGFBI,TGFBI,5.425,f,W0036_4
F7,HPRR3280115,PGLYRP2,PGLYRP2,951.75,f,W0036_4
F7,HPRR1820055,POSTN,POSTN,1.04,f,W0036_4
F7,HPRR4340126,APOE,APOE - QPrEST 2,57.96,f,W0036_4
F7,HPRR3420318,C8G,C8G - QPrEST 1,96.159,f,W0036_4
F7,HPRR670243,KIT,KIT,4.684,f,W0036_4
F7,HPRR2470190,GLIPR2,GLIPR2,16.396,f,W0036_4
F7,HPRR2460059,INHBC,INHBC,18.01,f,W0036_4
F7,HPRR3730040,HGFAC,HGFAC,234.729,f,W0036_4
F7,HPRR3020294,OIT3,OIT3,1.21,f,W0036_4
F7,HPRR400189,S100A9,S100A9,13.936,f,W0036_4
F7,HPRR140380,PYGL,PYGL,1.356,f,W0036_4
F7,HPRR3420319,C8G,C8G - QPrEST 2,276.7475,f,W0036_4
F7,HPRR670072,TFRC,TFRC,74.088,f,W0036_4
F8,HPRR330186,VWF,VWF,13.2384,m,W0074_1
F8,HPRR1950351,PON3,PON3,13.2048,m,W0074_1
F8,HPRR4200068,APOE,APOE - QPrEST 1,1091.012,m,W0074_1
F8,HPRR1060029,IL1RAP,IL1RAP,6.05,m,W0074_1
F8,HPRR2760045,NRP1,NRP1,2.084,m,W0074_1
F8,HPRR141283,NPC2,NPC2,4.216,m,W0074_1
F8,HPRR1820055,POSTN,POSTN,0.518,m,W0074_1
F8,HPRR4340126,APOE,APOE - QPrEST 2,70.46,m,W0074_1
F8,HPRR141665,SERPINA5,SERPINA5,2.217,m,W0074_1
F8,HPRR4340066,SERPINF1,SERPINF1,208.1,m,W0074_1
F8,HPRR3280115,PGLYRP2,PGLYRP2,872.85,m,W0074_1
F8,HPRR2460059,INHBC,INHBC,5.802,m,W0074_1
F8,HPRR3700493,C2,C2,140.36,m,W0074_1
F8,HPRR1770044,TGFBI,TGFBI,4.355,m,W0074_1
F8,HPRR2190035,LPA,LPA,952.4,m,W0074_1
F8,HPRR3020294,OIT3,OIT3,0.778,m,W0074_1
F8,HPRR3420318,C8G,C8G - QPrEST 1,54.635,m,W0074_1
F8,HPRR3420319,C8G,C8G - QPrEST 2,191.4175,m,W0074_1
F8,HPRR670243,KIT,KIT,4.538,m,W0074_1
F8,HPRR400189,S100A9,S100A9,8.596,m,W0074_1
F8,HPRR140380,PYGL,PYGL,0.736,m,W0074_1
F8,HPRR1520004,B2M,B2M,288.579,m,W0074_1
F8,HPRR3730040,HGFAC,HGFAC,228.816,m,W0074_1
F8,HPRR2470190,GLIPR2,GLIPR2,15.84,m,W0074_1
F9,HPRR2760045,NRP1,NRP1,1.862,m,W0005_3
F9,HPRR1950351,PON3,PON3,6.7512,m,W0005_3
F9,HPRR3280115,PGLYRP2,PGLYRP2,877.55,m,W0005_3
F9,HPRR3700493,C2,C2,180.54,m,W0005_3
F9,HPRR1770044,TGFBI,TGFBI,6.078,m,W0005_3
F9,HPRR4340066,SERPINF1,SERPINF1,282.65,m,W0005_3
F9,HPRR1820055,POSTN,POSTN,0.64,m,W0005_3
F9,HPRR330186,VWF,VWF,11.9742,m,W0005_3
F9,HPRR3020294,OIT3,OIT3,0.796,m,W0005_3
F9,HPRR140380,PYGL,PYGL,1.272,m,W0005_3
F9,HPRR4200068,APOE,APOE - QPrEST 1,473.356,m,W0005_3
F9,HPRR2460059,INHBC,INHBC,5.37,m,W0005_3
F9,HPRR1520004,B2M,B2M,299.657,m,W0005_3
F9,HPRR141665,SERPINA5,SERPINA5,59.1615,m,W0005_3
F9,HPRR3730040,HGFAC,HGFAC,140.472,m,W0005_3
F9,HPRR1060029,IL1RAP,IL1RAP,6.352,m,W0005_3
F9,HPRR141283,NPC2,NPC2,5.786,m,W0005_3
F9,HPRR4340126,APOE,APOE - QPrEST 2,33.26,m,W0005_3
F9,HPRR2190035,LPA,LPA,1246,m,W0005_3
F9,HPRR2470190,GLIPR2,GLIPR2,14.6,m,W0005_3
F9,HPRR670243,KIT,KIT,4.03,m,W0005_3
F9,HPRR400189,S100A9,S100A9,9.984,m,W0005_3
F9,HPRR3420318,C8G,C8G - QPrEST 1,107.765,m,W0005_3
F9,HPRR3420319,C8G,C8G - QPrEST 2,262.936,m,W0005_3
F9,HPRR670072,TFRC,TFRC,94.188,m,W0005_3
G1,HPRR141665,SERPINA5,SERPINA5,50.3925,m,W0037_4
G1,HPRR2760045,NRP1,NRP1,2.736,m,W0037_4
G1,HPRR4340126,APOE,APOE - QPrEST 2,21.1,m,W0037_4
G1,HPRR1950351,PON3,PON3,5.1744,m,W0037_4
G1,HPRR140380,PYGL,PYGL,0.926,m,W0037_4
G1,HPRR4200068,APOE,APOE - QPrEST 1,457.808,m,W0037_4
G1,HPRR1520004,B2M,B2M,352.205,m,W0037_4
G1,HPRR2190035,LPA,LPA,6972.4,m,W0037_4
G1,HPRR3700493,C2,C2,155.18,m,W0037_4
G1,HPRR3280115,PGLYRP2,PGLYRP2,816.35,m,W0037_4
G1,HPRR2460059,INHBC,INHBC,4.914,m,W0037_4
G1,HPRR3420318,C8G,C8G - QPrEST 1,121.723,m,W0037_4
G1,HPRR4340066,SERPINF1,SERPINF1,233.4,m,W0037_4
G1,HPRR330186,VWF,VWF,14.322,m,W0037_4
G1,HPRR3730040,HGFAC,HGFAC,160.218,m,W0037_4
G1,HPRR3420319,C8G,C8G - QPrEST 2,219.558,m,W0037_4
G1,HPRR2470190,GLIPR2,GLIPR2,13.872,m,W0037_4
G1,HPRR1060029,IL1RAP,IL1RAP,8.94,m,W0037_4
G1,HPRR670072,TFRC,TFRC,75.192,m,W0037_4
G1,HPRR3020294,OIT3,OIT3,0.904,m,W0037_4
G1,HPRR141283,NPC2,NPC2,3.884,m,W0037_4
G1,HPRR1770044,TGFBI,TGFBI,4.974,m,W0037_4
G1,HPRR670243,KIT,KIT,3.16,m,W0037_4
G1,HPRR400189,S100A9,S100A9,12.276,m,W0037_4
G2,HPRR4340126,APOE,APOE - QPrEST 2,43.76,f,W0040_2
G2,HPRR4200068,APOE,APOE - QPrEST 1,1010.36,f,W0040_2
G2,HPRR1520004,B2M,B2M,315.201,f,W0040_2
G2,HPRR2760045,NRP1,NRP1,2.146,f,W0040_2
G2,HPRR1820055,POSTN,POSTN,0.854,f,W0040_2
G2,HPRR1950351,PON3,PON3,20.7576,f,W0040_2
G2,HPRR2470190,GLIPR2,GLIPR2,16.416,f,W0040_2
G2,HPRR3700493,C2,C2,180.86,f,W0040_2
G2,HPRR670243,KIT,KIT,5.514,f,W0040_2
G2,HPRR140380,PYGL,PYGL,1.5,f,W0040_2
G2,HPRR141665,SERPINA5,SERPINA5,58.5795,f,W0040_2
G2,HPRR141283,NPC2,NPC2,4.862,f,W0040_2
G2,HPRR330186,VWF,VWF,11.844,f,W0040_2
G2,HPRR1770044,TGFBI,TGFBI,6.535,f,W0040_2
G2,HPRR3280115,PGLYRP2,PGLYRP2,820.9,f,W0040_2
G2,HPRR2460059,INHBC,INHBC,4.55,f,W0040_2
G2,HPRR1060029,IL1RAP,IL1RAP,9.378,f,W0040_2
G2,HPRR3420319,C8G,C8G - QPrEST 2,182.8845,f,W0040_2
G2,HPRR3020294,OIT3,OIT3,0.77,f,W0040_2
G2,HPRR670072,TFRC,TFRC,67.635,f,W0040_2
G2,HPRR4340066,SERPINF1,SERPINF1,274.625,f,W0040_2
G2,HPRR3420318,C8G,C8G - QPrEST 1,61.362,f,W0040_2
G2,HPRR400189,S100A9,S100A9,21.144,f,W0040_2
G2,HPRR3730040,HGFAC,HGFAC,145.575,f,W0040_2
G4,HPRR4340066,SERPINF1,SERPINF1,233.325,f,W0092_3
G4,HPRR1950351,PON3,PON3,18.4632,f,W0092_3
G4,HPRR1520004,B2M,B2M,291.856,f,W0092_3
G4,HPRR3700493,C2,C2,194.98,f,W0092_3
G4,HPRR4200068,APOE,APOE - QPrEST 1,952.276,f,W0092_3
G4,HPRR4340126,APOE,APOE - QPrEST 2,58.42,f,W0092_3
G4,HPRR670072,TFRC,TFRC,46.074,f,W0092_3
G4,HPRR140380,PYGL,PYGL,0.936,f,W0092_3
G4,HPRR2760045,NRP1,NRP1,2.096,f,W0092_3
G4,HPRR2460059,INHBC,INHBC,6.978,f,W0092_3
G4,HPRR2190035,LPA,LPA,6569,f,W0092_3
G4,HPRR330186,VWF,VWF,20.1852,f,W0092_3
G4,HPRR3280115,PGLYRP2,PGLYRP2,868.8,f,W0092_3
G4,HPRR3020294,OIT3,OIT3,1.148,f,W0092_3
G4,HPRR3730040,HGFAC,HGFAC,163.35,f,W0092_3
G4,HPRR141283,NPC2,NPC2,4.268,f,W0092_3
G4,HPRR1060029,IL1RAP,IL1RAP,18.526,f,W0092_3
G4,HPRR3420318,C8G,C8G - QPrEST 1,108.6785,f,W0092_3
G4,HPRR1770044,TGFBI,TGFBI,4.84,f,W0092_3
G4,HPRR1820055,POSTN,POSTN,1.252,f,W0092_3
G4,HPRR141665,SERPINA5,SERPINA5,53.025,f,W0092_3
G4,HPRR2470190,GLIPR2,GLIPR2,16.756,f,W0092_3
G4,HPRR670243,KIT,KIT,5.426,f,W0092_3
G4,HPRR3420319,C8G,C8G - QPrEST 2,267.2255,f,W0092_3
G4,HPRR400189,S100A9,S100A9,20.336,f,W0092_3
G5,HPRR1950351,PON3,PON3,7.6392,f,W0021_4
G5,HPRR3700493,C2,C2,176.04,f,W0021_4
G5,HPRR4200068,APOE,APOE - QPrEST 1,604.344,f,W0021_4
G5,HPRR1520004,B2M,B2M,300.15,f,W0021_4
G5,HPRR140380,PYGL,PYGL,0.87,f,W0021_4
G5,HPRR2760045,NRP1,NRP1,2.618,f,W0021_4
G5,HPRR4340126,APOE,APOE - QPrEST 2,30.08,f,W0021_4
G5,HPRR3730040,HGFAC,HGFAC,222.939,f,W0021_4
G5,HPRR330186,VWF,VWF,7.8624,f,W0021_4
G5,HPRR3420318,C8G,C8G - QPrEST 1,95.2805,f,W0021_4
G5,HPRR2460059,INHBC,INHBC,12.394,f,W0021_4
G5,HPRR2470190,GLIPR2,GLIPR2,15.24,f,W0021_4
G5,HPRR1820055,POSTN,POSTN,0.71,f,W0021_4
G5,HPRR3020294,OIT3,OIT3,1.014,f,W0021_4
G5,HPRR4340066,SERPINF1,SERPINF1,304.55,f,W0021_4
G5,HPRR400189,S100A9,S100A9,23.376,f,W0021_4
G5,HPRR3420319,C8G,C8G - QPrEST 2,254.886,f,W0021_4
G5,HPRR141665,SERPINA5,SERPINA5,13.071,f,W0021_4
G5,HPRR1770044,TGFBI,TGFBI,4.32,f,W0021_4
G5,HPRR670072,TFRC,TFRC,45.507,f,W0021_4
G5,HPRR1060029,IL1RAP,IL1RAP,6.724,f,W0021_4
G5,HPRR3280115,PGLYRP2,PGLYRP2,754.7,f,W0021_4
G5,HPRR141283,NPC2,NPC2,4.504,f,W0021_4
G5,HPRR670243,KIT,KIT,5.148,f,W0021_4
G5,HPRR2190035,LPA,LPA,1590,f,W0021_4
G6,HPRR3700493,C2,C2,119.2,m,W0037_3
G6,HPRR140380,PYGL,PYGL,0.698,m,W0037_3
G6,HPRR2760045,NRP1,NRP1,2.458,m,W0037_3
G6,HPRR1950351,PON3,PON3,12.2424,m,W0037_3
G6,HPRR3020294,OIT3,OIT3,0.562,m,W0037_3
G6,HPRR4340126,APOE,APOE - QPrEST 2,40.04,m,W0037_3
G6,HPRR1770044,TGFBI,TGFBI,4.013,m,W0037_3
G6,HPRR2460059,INHBC,INHBC,2.996,m,W0037_3
G6,HPRR3280115,PGLYRP2,PGLYRP2,652.95,m,W0037_3
G6,HPRR2470190,GLIPR2,GLIPR2,15.224,m,W0037_3
G6,HPRR4200068,APOE,APOE - QPrEST 1,748.228,m,W0037_3
G6,HPRR330186,VWF,VWF,13.8096,m,W0037_3
G6,HPRR3420318,C8G,C8G - QPrEST 1,47.824,m,W0037_3
G6,HPRR4340066,SERPINF1,SERPINF1,176.625,m,W0037_3
G6,HPRR1520004,B2M,B2M,242.643,m,W0037_3
G6,HPRR670243,KIT,KIT,4.178,m,W0037_3
G6,HPRR2190035,LPA,LPA,964.5,m,W0037_3
G6,HPRR141665,SERPINA5,SERPINA5,22.326,m,W0037_3
G6,HPRR1820055,POSTN,POSTN,0.234,m,W0037_3
G6,HPRR3730040,HGFAC,HGFAC,145.413,m,W0037_3
G6,HPRR141283,NPC2,NPC2,3.666,m,W0037_3
G6,HPRR400189,S100A9,S100A9,5.844,m,W0037_3
G6,HPRR1060029,IL1RAP,IL1RAP,5.7,m,W0037_3
G6,HPRR3420319,C8G,C8G - QPrEST 2,188.485,m,W0037_3
G7,HPRR1770044,TGFBI,TGFBI,5.452,f,W0087_1
G7,HPRR1520004,B2M,B2M,331.238,f,W0087_1
G7,HPRR330186,VWF,VWF,14.2254,f,W0087_1
G7,HPRR3700493,C2,C2,79.64,f,W0087_1
G7,HPRR4340126,APOE,APOE - QPrEST 2,63.12,f,W0087_1
G7,HPRR2760045,NRP1,NRP1,1.264,f,W0087_1
G7,HPRR4200068,APOE,APOE - QPrEST 1,1037.14,f,W0087_1
G7,HPRR140380,PYGL,PYGL,1.362,f,W0087_1
G7,HPRR141665,SERPINA5,SERPINA5,1.8,f,W0087_1
G7,HPRR2460059,INHBC,INHBC,2.352,f,W0087_1
G7,HPRR3020294,OIT3,OIT3,0.958,f,W0087_1
G7,HPRR2190035,LPA,LPA,8536.9,f,W0087_1
G7,HPRR3280115,PGLYRP2,PGLYRP2,688.5,f,W0087_1
G7,HPRR4340066,SERPINF1,SERPINF1,265.125,f,W0087_1
G7,HPRR1950351,PON3,PON3,11.7816,f,W0087_1
G7,HPRR400189,S100A9,S100A9,16.584,f,W0087_1
G7,HPRR1820055,POSTN,POSTN,1.128,f,W0087_1
G7,HPRR3420318,C8G,C8G - QPrEST 1,83.237,f,W0087_1
G7,HPRR670072,TFRC,TFRC,50.409,f,W0087_1
G7,HPRR3730040,HGFAC,HGFAC,164.907,f,W0087_1
G7,HPRR2470190,GLIPR2,GLIPR2,20.432,f,W0087_1
G7,HPRR141283,NPC2,NPC2,4.508,f,W0087_1
G7,HPRR1060029,IL1RAP,IL1RAP,16.672,f,W0087_1
G7,HPRR670243,KIT,KIT,5.148,f,W0087_1
G7,HPRR3420319,C8G,C8G - QPrEST 2,242.4085,f,W0087_1
G8,HPRR4340066,SERPINF1,SERPINF1,262,m,W0016_3
G8,HPRR1950351,PON3,PON3,10.284,m,W0016_3
G8,HPRR3280115,PGLYRP2,PGLYRP2,928.65,m,W0016_3
G8,HPRR1520004,B2M,B2M,222.691,m,W0016_3
G8,HPRR140380,PYGL,PYGL,0.964,m,W0016_3
G8,HPRR4200068,APOE,APOE - QPrEST 1,872.56,m,W0016_3
G8,HPRR2760045,NRP1,NRP1,1.538,m,W0016_3
G8,HPRR3700493,C2,C2,164.42,m,W0016_3
G8,HPRR4340126,APOE,APOE - QPrEST 2,54.84,m,W0016_3
G8,HPRR1770044,TGFBI,TGFBI,4.174,m,W0016_3
G8,HPRR1820055,POSTN,POSTN,1.036,m,W0016_3
G8,HPRR3420318,C8G,C8G - QPrEST 1,92.239,m,W0016_3
G8,HPRR330186,VWF,VWF,11.0124,m,W0016_3
G8,HPRR2190035,LPA,LPA,519.5,m,W0016_3
G8,HPRR3420319,C8G,C8G - QPrEST 2,277.633,m,W0016_3
G8,HPRR141665,SERPINA5,SERPINA5,0.648,m,W0016_3
G8,HPRR3730040,HGFAC,HGFAC,185.481,m,W0016_3
G8,HPRR2460059,INHBC,INHBC,10.138,m,W0016_3
G8,HPRR3020294,OIT3,OIT3,1.198,m,W0016_3
G8,HPRR141283,NPC2,NPC2,3.954,m,W0016_3
G8,HPRR670243,KIT,KIT,4.428,m,W0016_3
G8,HPRR400189,S100A9,S100A9,22.896,m,W0016_3
G8,HPRR2470190,GLIPR2,GLIPR2,16.356,m,W0016_3
G8,HPRR1060029,IL1RAP,IL1RAP,7.296,m,W0016_3
G9,HPRR1520004,B2M,B2M,255.229,m,W0074_2
G9,HPRR3700493,C2,C2,169.14,m,W0074_2
G9,HPRR3280115,PGLYRP2,PGLYRP2,732.55,m,W0074_2
G9,HPRR1770044,TGFBI,TGFBI,4.24,m,W0074_2
G9,HPRR140380,PYGL,PYGL,0.62,m,W0074_2
G9,HPRR4340126,APOE,APOE - QPrEST 2,53.06,m,W0074_2
G9,HPRR4340066,SERPINF1,SERPINF1,215.025,m,W0074_2
G9,HPRR330186,VWF,VWF,28.1862,m,W0074_2
G9,HPRR4200068,APOE,APOE - QPrEST 1,1024.348,m,W0074_2
G9,HPRR1950351,PON3,PON3,12.1752,m,W0074_2
G9,HPRR3420318,C8G,C8G - QPrEST 1,54.873,m,W0074_2
G9,HPRR1060029,IL1RAP,IL1RAP,5.596,m,W0074_2
G9,HPRR3730040,HGFAC,HGFAC,166.05,m,W0074_2
G9,HPRR3020294,OIT3,OIT3,0.74,m,W0074_2
G9,HPRR2460059,INHBC,INHBC,3.986,m,W0074_2
G9,HPRR141665,SERPINA5,SERPINA5,31.7745,m,W0074_2
G9,HPRR141283,NPC2,NPC2,4.49,m,W0074_2
G9,HPRR400189,S100A9,S100A9,10.484,m,W0074_2
G9,HPRR2760045,NRP1,NRP1,2.976,m,W0074_2
G9,HPRR1820055,POSTN,POSTN,0.636,m,W0074_2
G9,HPRR2470190,GLIPR2,GLIPR2,17.02,m,W0074_2
G9,HPRR2190035,LPA,LPA,1280.1,m,W0074_2
G9,HPRR670243,KIT,KIT,5.268,m,W0074_2
G9,HPRR3420319,C8G,C8G - QPrEST 2,216.545,m,W0074_2
H1,HPRR4340066,SERPINF1,SERPINF1,290.15,m,W0071_2
H1,HPRR330186,VWF,VWF,9.2064,m,W0071_2
H1,HPRR3280115,PGLYRP2,PGLYRP2,723.6,m,W0071_2
H1,HPRR4200068,APOE,APOE - QPrEST 1,334.88,m,W0071_2
H1,HPRR140380,PYGL,PYGL,0.74,m,W0071_2
H1,HPRR670072,TFRC,TFRC,75.588,m,W0071_2
H1,HPRR400189,S100A9,S100A9,13.696,m,W0071_2
H1,HPRR2760045,NRP1,NRP1,1.654,m,W0071_2
H1,HPRR141665,SERPINA5,SERPINA5,53.823,m,W0071_2
H1,HPRR1520004,B2M,B2M,239.511,m,W0071_2
H1,HPRR1950351,PON3,PON3,11.3592,m,W0071_2
H1,HPRR4340126,APOE,APOE - QPrEST 2,46.16,m,W0071_2
H1,HPRR3420318,C8G,C8G - QPrEST 1,57.0115,m,W0071_2
H1,HPRR2190035,LPA,LPA,338.7,m,W0071_2
H1,HPRR1770044,TGFBI,TGFBI,6.131,m,W0071_2
H1,HPRR2470190,GLIPR2,GLIPR2,12.308,m,W0071_2
H1,HPRR670243,KIT,KIT,4.288,m,W0071_2
H1,HPRR3700493,C2,C2,157.04,m,W0071_2
H1,HPRR141283,NPC2,NPC2,4.154,m,W0071_2
H1,HPRR2460059,INHBC,INHBC,7.222,m,W0071_2
H1,HPRR3420319,C8G,C8G - QPrEST 2,165.968,m,W0071_2
H1,HPRR3020294,OIT3,OIT3,0.854,m,W0071_2
H1,HPRR1820055,POSTN,POSTN,0.73,m,W0071_2
H1,HPRR1060029,IL1RAP,IL1RAP,5.086,m,W0071_2
H1,HPRR3730040,HGFAC,HGFAC,97.434,m,W0071_2
H2,HPRR330186,VWF,VWF,48.0144,m,W0073_3
H2,HPRR4200068,APOE,APOE - QPrEST 1,420.732,m,W0073_3
H2,HPRR1770044,TGFBI,TGFBI,6.695,m,W0073_3
H2,HPRR1520004,B2M,B2M,254.214,m,W0073_3
H2,HPRR140380,PYGL,PYGL,0.954,m,W0073_3
H2,HPRR4340066,SERPINF1,SERPINF1,229.875,m,W0073_3
H2,HPRR400189,S100A9,S100A9,11.316,m,W0073_3
H2,HPRR141283,NPC2,NPC2,4.542,m,W0073_3
H2,HPRR2460059,INHBC,INHBC,2.858,m,W0073_3
H2,HPRR3280115,PGLYRP2,PGLYRP2,804.2,m,W0073_3
H2,HPRR670072,TFRC,TFRC,56.772,m,W0073_3
H2,HPRR4340126,APOE,APOE - QPrEST 2,33.34,m,W0073_3
H2,HPRR3730040,HGFAC,HGFAC,114.777,m,W0073_3
H2,HPRR2470190,GLIPR2,GLIPR2,13.808,m,W0073_3
H2,HPRR1950351,PON3,PON3,9.4368,m,W0073_3
H2,HPRR2760045,NRP1,NRP1,1.29,m,W0073_3
H2,HPRR3420318,C8G,C8G - QPrEST 1,80.1605,m,W0073_3
H2,HPRR3700493,C2,C2,188.12,m,W0073_3
H2,HPRR3420319,C8G,C8G - QPrEST 2,239.6255,m,W0073_3
H2,HPRR3020294,OIT3,OIT3,0.686,m,W0073_3
H2,HPRR141665,SERPINA5,SERPINA5,34.2855,m,W0073_3
H2,HPRR2190035,LPA,LPA,379.2,m,W0073_3
H2,HPRR1060029,IL1RAP,IL1RAP,7.468,m,W0073_3
H2,HPRR670243,KIT,KIT,2.586,m,W0073_3
H2,HPRR1820055,POSTN,POSTN,0.612,m,W0073_3
H3,HPRR4200068,APOE,APOE - QPrEST 1,514.592,m,W0037_1
H3,HPRR330186,VWF,VWF,16.233,m,W0037_1
H3,HPRR3280115,PGLYRP2,PGLYRP2,1033.4,m,W0037_1
H3,HPRR1950351,PON3,PON3,4.5384,m,W0037_1
H3,HPRR4340066,SERPINF1,SERPINF1,251.95,m,W0037_1
H3,HPRR140380,PYGL,PYGL,1.046,m,W0037_1
H3,HPRR670243,KIT,KIT,3.932,m,W0037_1
H3,HPRR141665,SERPINA5,SERPINA5,48.1005,m,W0037_1
H3,HPRR1770044,TGFBI,TGFBI,6.905,m,W0037_1
H3,HPRR3730040,HGFAC,HGFAC,107.64,m,W0037_1
H3,HPRR2760045,NRP1,NRP1,1.268,m,W0037_1
H3,HPRR670072,TFRC,TFRC,97.263,m,W0037_1
H3,HPRR400189,S100A9,S100A9,204.992,m,W0037_1
H3,HPRR1520004,B2M,B2M,368.01,m,W0037_1
H3,HPRR3420319,C8G,C8G - QPrEST 2,305.67,m,W0037_1
H3,HPRR2470190,GLIPR2,GLIPR2,12.596,m,W0037_1
H3,HPRR4340126,APOE,APOE - QPrEST 2,42.04,m,W0037_1
H3,HPRR141283,NPC2,NPC2,4.734,m,W0037_1
H3,HPRR3020294,OIT3,OIT3,0.58,m,W0037_1
H3,HPRR3420318,C8G,C8G - QPrEST 1,72.793,m,W0037_1
H3,HPRR3700493,C2,C2,179.28,m,W0037_1
H3,HPRR1060029,IL1RAP,IL1RAP,9.638,m,W0037_1
H3,HPRR2460059,INHBC,INHBC,7.17,m,W0037_1
H3,HPRR2190035,LPA,LPA,5352.4,m,W0037_1
H3,HPRR1820055,POSTN,POSTN,0.522,m,W0037_1
H4,HPRR1820055,POSTN,POSTN,0.828,m,W0071_3
H4,HPRR670072,TFRC,TFRC,94.266,m,W0071_3
H4,HPRR4200068,APOE,APOE - QPrEST 1,574.756,m,W0071_3
H4,HPRR3280115,PGLYRP2,PGLYRP2,796.6,m,W0071_3
H4,HPRR4340066,SERPINF1,SERPINF1,288.85,m,W0071_3
H4,HPRR4340126,APOE,APOE - QPrEST 2,50.22,m,W0071_3
H4,HPRR1520004,B2M,B2M,290.116,m,W0071_3
H4,HPRR2760045,NRP1,NRP1,1.08,m,W0071_3
H4,HPRR1950351,PON3,PON3,8.6064,m,W0071_3
H4,HPRR3420318,C8G,C8G - QPrEST 1,34.699,m,W0071_3
H4,HPRR141665,SERPINA5,SERPINA5,61.887,m,W0071_3
H4,HPRR3730040,HGFAC,HGFAC,88.947,m,W0071_3
H4,HPRR330186,VWF,VWF,8.7024,m,W0071_3
H4,HPRR670243,KIT,KIT,4.358,m,W0071_3
H4,HPRR3700493,C2,C2,155.74,m,W0071_3
H4,HPRR140380,PYGL,PYGL,0.92,m,W0071_3
H4,HPRR1770044,TGFBI,TGFBI,6.727,m,W0071_3
H4,HPRR3020294,OIT3,OIT3,0.578,m,W0071_3
H4,HPRR2470190,GLIPR2,GLIPR2,11.608,m,W0071_3
H4,HPRR400189,S100A9,S100A9,10.892,m,W0071_3
H4,HPRR3420319,C8G,C8G - QPrEST 2,154.0195,m,W0071_3
H4,HPRR2190035,LPA,LPA,431.6,m,W0071_3
H4,HPRR1060029,IL1RAP,IL1RAP,5.068,m,W0071_3
H4,HPRR141283,NPC2,NPC2,4.302,m,W0071_3
H4,HPRR2460059,INHBC,INHBC,6.79,m,W0071_3
H5,HPRR2760045,NRP1,NRP1,1.44,f,W0040_3
H5,HPRR1520004,B2M,B2M,246.906,f,W0040_3
H5,HPRR4200068,APOE,APOE - QPrEST 1,619.892,f,W0040_3
H5,HPRR3700493,C2,C2,175.04,f,W0040_3
H5,HPRR141665,SERPINA5,SERPINA5,45.543,f,W0040_3
H5,HPRR3020294,OIT3,OIT3,0.622,f,W0040_3
H5,HPRR400189,S100A9,S100A9,19.9,f,W0040_3
H5,HPRR4340066,SERPINF1,SERPINF1,233.475,f,W0040_3
H5,HPRR4340126,APOE,APOE - QPrEST 2,55.26,f,W0040_3
H5,HPRR670072,TFRC,TFRC,58.29,f,W0040_3
H5,HPRR1950351,PON3,PON3,16.4808,f,W0040_3
H5,HPRR330186,VWF,VWF,4.4814,f,W0040_3
H5,HPRR141283,NPC2,NPC2,4.548,f,W0040_3
H5,HPRR3730040,HGFAC,HGFAC,97.47,f,W0040_3
H5,HPRR3420319,C8G,C8G - QPrEST 2,146.4985,f,W0040_3
H5,HPRR3280115,PGLYRP2,PGLYRP2,900.9,f,W0040_3
H5,HPRR1820055,POSTN,POSTN,0.592,f,W0040_3
H5,HPRR3420318,C8G,C8G - QPrEST 1,43.211,f,W0040_3
H5,HPRR2470190,GLIPR2,GLIPR2,15.748,f,W0040_3
H5,HPRR1770044,TGFBI,TGFBI,7.065,f,W0040_3
H5,HPRR2460059,INHBC,INHBC,5.028,f,W0040_3
H5,HPRR670243,KIT,KIT,4.908,f,W0040_3
H5,HPRR1060029,IL1RAP,IL1RAP,10.18,f,W0040_3
H6,HPRR141283,NPC2,NPC2,4.488,m,W0061_2
H6,HPRR141665,SERPINA5,SERPINA5,44.0955,m,W0061_2
H6,HPRR4200068,APOE,APOE - QPrEST 1,547.04,m,W0061_2
H6,HPRR330186,VWF,VWF,17.5896,m,W0061_2
H6,HPRR1950351,PON3,PON3,13.272,m,W0061_2
H6,HPRR1770044,TGFBI,TGFBI,6.818,m,W0061_2
H6,HPRR2760045,NRP1,NRP1,1.304,m,W0061_2
H6,HPRR4340066,SERPINF1,SERPINF1,303.1,m,W0061_2
H6,HPRR3730040,HGFAC,HGFAC,105.768,m,W0061_2
H6,HPRR4340126,APOE,APOE - QPrEST 2,41.3,m,W0061_2
H6,HPRR670072,TFRC,TFRC,53.145,m,W0061_2
H6,HPRR1820055,POSTN,POSTN,0.83,m,W0061_2
H6,HPRR140380,PYGL,PYGL,0.544,m,W0061_2
H6,HPRR3420319,C8G,C8G - QPrEST 2,256.174,m,W0061_2
H6,HPRR3020294,OIT3,OIT3,0.548,m,W0061_2
H6,HPRR1520004,B2M,B2M,303.949,m,W0061_2
H6,HPRR2190035,LPA,LPA,4350.8,m,W0061_2
H6,HPRR2470190,GLIPR2,GLIPR2,15.232,m,W0061_2
H6,HPRR1060029,IL1RAP,IL1RAP,8.618,m,W0061_2
H6,HPRR2460059,INHBC,INHBC,2.144,m,W0061_2
H6,HPRR400189,S100A9,S100A9,13.784,m,W0061_2
H6,HPRR3280115,PGLYRP2,PGLYRP2,878.65,m,W0061_2
H6,HPRR670243,KIT,KIT,4.458,m,W0061_2
H6,HPRR3420318,C8G,C8G - QPrEST 1,34.0375,m,W0061_2
H6,HPRR3700493,C2,C2,170.7,m,W0061_2
H7,HPRR1950351,PON3,PON3,5.6736,m,W0005_4
H7,HPRR140380,PYGL,PYGL,1.306,m,W0005_4
H7,HPRR4340126,APOE,APOE - QPrEST 2,44.92,m,W0005_4
H7,HPRR670072,TFRC,TFRC,72.879,m,W0005_4
H7,HPRR4340066,SERPINF1,SERPINF1,326.125,m,W0005_4
H7,HPRR670243,KIT,KIT,3.954,m,W0005_4
H7,HPRR3730040,HGFAC,HGFAC,113.49,m,W0005_4
H7,HPRR3420319,C8G,C8G - QPrEST 2,232.8635,m,W0005_4
H7,HPRR330186,VWF,VWF,14.3976,m,W0005_4
H7,HPRR141665,SERPINA5,SERPINA5,45.0285,m,W0005_4
H7,HPRR400189,S100A9,S100A9,18.012,m,W0005_4
H7,HPRR4200068,APOE,APOE - QPrEST 1,519.012,m,W0005_4
H7,HPRR1520004,B2M,B2M,256.766,m,W0005_4
H7,HPRR3020294,OIT3,OIT3,0.636,m,W0005_4
H7,HPRR2470190,GLIPR2,GLIPR2,16.156,m,W0005_4
H7,HPRR1060029,IL1RAP,IL1RAP,5.75,m,W0005_4
H7,HPRR141283,NPC2,NPC2,5.312,m,W0005_4
H7,HPRR1770044,TGFBI,TGFBI,7.023,m,W0005_4
H7,HPRR2760045,NRP1,NRP1,1.62,m,W0005_4
H7,HPRR3280115,PGLYRP2,PGLYRP2,828.25,m,W0005_4
H7,HPRR3420318,C8G,C8G - QPrEST 1,57.7115,m,W0005_4
H7,HPRR3700493,C2,C2,167.54,m,W0005_4
H7,HPRR2460059,INHBC,INHBC,6.756,m,W0005_4
H7,HPRR2190035,LPA,LPA,1868.5,m,W0005_4
H7,HPRR1820055,POSTN,POSTN,0.552,m,W0005_4
H8,HPRR4200068,APOE,APOE - QPrEST 1,361.036,m,W0073_2
H8,HPRR330186,VWF,VWF,33.012,m,W0073_2
H8,HPRR3730040,HGFAC,HGFAC,113.607,m,W0073_2
H8,HPRR4340126,APOE,APOE - QPrEST 2,42.62,m,W0073_2
H8,HPRR140380,PYGL,PYGL,1.088,m,W0073_2
H8,HPRR1770044,TGFBI,TGFBI,8.355,m,W0073_2
H8,HPRR670072,TFRC,TFRC,62.832,m,W0073_2
H8,HPRR670243,KIT,KIT,3.876,m,W0073_2
H8,HPRR2470190,GLIPR2,GLIPR2,16.632,m,W0073_2
H8,HPRR1060029,IL1RAP,IL1RAP,8.7,m,W0073_2
H8,HPRR3420319,C8G,C8G - QPrEST 2,266.961,m,W0073_2
H8,HPRR4340066,SERPINF1,SERPINF1,270.675,m,W0073_2
H8,HPRR141665,SERPINA5,SERPINA5,49.7835,m,W0073_2
H8,HPRR400189,S100A9,S100A9,15.812,m,W0073_2
H8,HPRR3280115,PGLYRP2,PGLYRP2,975.55,m,W0073_2
H8,HPRR2460059,INHBC,INHBC,5.43,m,W0073_2
H8,HPRR3420318,C8G,C8G - QPrEST 1,99.8795,m,W0073_2
H8,HPRR1950351,PON3,PON3,10.2672,m,W0073_2
H8,HPRR3020294,OIT3,OIT3,0.85,m,W0073_2
H8,HPRR141283,NPC2,NPC2,5.964,m,W0073_2
H8,HPRR1820055,POSTN,POSTN,0.9,m,W0073_2
H8,HPRR3700493,C2,C2,175.92,m,W0073_2
H8,HPRR1520004,B2M,B2M,297.888,m,W0073_2
H8,HPRR2760045,NRP1,NRP1,1.29,m,W0073_2
H8,HPRR2190035,LPA,LPA,359.7,m,W0073_2
H9,HPRR4340066,SERPINF1,SERPINF1,302.725,f,W0014_2
H9,HPRR4200068,APOE,APOE - QPrEST 1,821.444,f,W0014_2
H9,HPRR1820055,POSTN,POSTN,1.354,f,W0014_2
H9,HPRR141665,SERPINA5,SERPINA5,74.694,f,W0014_2
H9,HPRR3280115,PGLYRP2,PGLYRP2,1023.1,f,W0014_2
H9,HPRR670072,TFRC,TFRC,78.453,f,W0014_2
H9,HPRR1060029,IL1RAP,IL1RAP,10.646,f,W0014_2
H9,HPRR140380,PYGL,PYGL,1.298,f,W0014_2
H9,HPRR1520004,B2M,B2M,285.679,f,W0014_2
H9,HPRR3420318,C8G,C8G - QPrEST 1,123.459,f,W0014_2
H9,HPRR2760045,NRP1,NRP1,1.658,f,W0014_2
H9,HPRR2460059,INHBC,INHBC,10.138,f,W0014_2
H9,HPRR3420319,C8G,C8G - QPrEST 2,281.405,f,W0014_2
H9,HPRR4340126,APOE,APOE - QPrEST 2,86.1,f,W0014_2
H9,HPRR1950351,PON3,PON3,12.5112,f,W0014_2
H9,HPRR400189,S100A9,S100A9,18.952,f,W0014_2
H9,HPRR141283,NPC2,NPC2,5.43,f,W0014_2
H9,HPRR1770044,TGFBI,TGFBI,6.935,f,W0014_2
H9,HPRR3700493,C2,C2,179.18,f,W0014_2
H9,HPRR3020294,OIT3,OIT3,1.27,f,W0014_2
H9,HPRR2190035,LPA,LPA,7435.2,f,W0014_2
H9,HPRR670243,KIT,KIT,7.14,f,W0014_2
H9,HPRR2470190,GLIPR2,GLIPR2,18.76,f,W0014_2
H9,HPRR330186,VWF,VWF,22.2012,f,W0014_2
H9,HPRR3730040,HGFAC,HGFAC,112.518,f,W0014_2