Protein,Peptide,Ratio To Standard,DotProductLightToHeavy,Peptide Retention Time,Replicate,Average Mass Error PPM,Min Start Time,Max End Time
hisabp,GSHMASLAEAK,0.6642,0.9982,16,FE_30min_2ul_20160705_r1,-3.3,15.89,16.16
hisabp,GSHMASLAEAK,0.656,0.9979,15.9,FE_30min_2ul_20160705_r2,-3.1,15.76,16.03
hisabp,GSHMASLAEAK,0.6647,0.9975,16.02,FE_30min_2ul_20160705_r3,-3.3,15.88,16.15
hisabp,GSHMASLAEAK,0.6533,0.9981,20.74,FE_60min_2ul_20160705_r1,-3.4,20.63,20.94
hisabp,GSHMASLAEAK,0.6576,0.9983,20.53,FE_60min_2ul_20160705_r2,-4,20.42,20.71
hisabp,GSHMASLAEAK,0.6466,0.9985,20.95,FE_60min_2ul_20160705_r3,-3.6,20.77,21.06
hisabp,GSHMASLAEAK,0.6434,0.9989,24.39,FE_90min_2ul_20160705_r1,-4,24.11,24.71
hisabp,GSHMASLAEAK,0.6565,0.9985,24.45,FE_90min_2ul_20160705_r2,-4.2,24.28,24.61
hisabp,GSHMASLAEAK,0.6909,0.9929,27.07,FE_120min_2ul_20160705_r1,-4.6,26.67,27.41
hisabp,GSHMASLAEAK,0.6035,0.9986,27.62,FE_120min_2ul_20160705_r2,-3.6,27.42,27.94
hisabp,GSHMASLAEAK,0.6443,0.9981,24.54,FE_90min_2ul_20160705_r3,-4.3,24.07,24.87
hisabp,GSHMASLAEAK,0.6548,0.9981,27.63,FE_120min_2ul_20160705_r3,-3.7,27.52,27.89
hisabp,GSHMASLAEAK,0.6642,0.9982,16,FE_30min_2ul_20160705_r1,-3.9,15.89,16.16
hisabp,GSHMASLAEAK,0.656,0.9979,15.9,FE_30min_2ul_20160705_r2,-3.7,15.76,16.03
hisabp,GSHMASLAEAK,0.6647,0.9975,16.02,FE_30min_2ul_20160705_r3,-3.7,15.88,16.15
hisabp,GSHMASLAEAK,0.6533,0.9981,20.74,FE_60min_2ul_20160705_r1,-4,20.63,20.94
hisabp,GSHMASLAEAK,0.6576,0.9983,20.53,FE_60min_2ul_20160705_r2,-4.4,20.42,20.71
hisabp,GSHMASLAEAK,0.6466,0.9985,20.95,FE_60min_2ul_20160705_r3,-4,20.77,21.06
hisabp,GSHMASLAEAK,0.6434,0.9989,24.39,FE_90min_2ul_20160705_r1,-4.3,24.11,24.71
hisabp,GSHMASLAEAK,0.6565,0.9985,24.45,FE_90min_2ul_20160705_r2,-4.4,24.28,24.61
hisabp,GSHMASLAEAK,0.6909,0.9929,27.07,FE_120min_2ul_20160705_r1,-4.7,26.67,27.41
hisabp,GSHMASLAEAK,0.6035,0.9986,27.62,FE_120min_2ul_20160705_r2,-4.1,27.42,27.94
hisabp,GSHMASLAEAK,0.6443,0.9981,24.54,FE_90min_2ul_20160705_r3,-4.5,24.07,24.87
hisabp,GSHMASLAEAK,0.6548,0.9981,27.63,FE_120min_2ul_20160705_r3,-4.1,27.52,27.89
hisabp,GSHMASLAEAK,0.6642,0.9982,16,FE_30min_2ul_20160705_r1,-4.1,15.89,16.16
hisabp,GSHMASLAEAK,0.656,0.9979,15.9,FE_30min_2ul_20160705_r2,-3.8,15.76,16.03
hisabp,GSHMASLAEAK,0.6647,0.9975,16.02,FE_30min_2ul_20160705_r3,-4,15.88,16.15
hisabp,GSHMASLAEAK,0.6533,0.9981,20.74,FE_60min_2ul_20160705_r1,-4,20.63,20.94
hisabp,GSHMASLAEAK,0.6576,0.9983,20.53,FE_60min_2ul_20160705_r2,-4.6,20.42,20.71
hisabp,GSHMASLAEAK,0.6466,0.9985,20.95,FE_60min_2ul_20160705_r3,-4.2,20.77,21.06
hisabp,GSHMASLAEAK,0.6434,0.9989,24.39,FE_90min_2ul_20160705_r1,-4.6,24.11,24.71
hisabp,GSHMASLAEAK,0.6565,0.9985,24.45,FE_90min_2ul_20160705_r2,-4.8,24.28,24.61
hisabp,GSHMASLAEAK,0.6909,0.9929,27.07,FE_120min_2ul_20160705_r1,-5.2,26.67,27.41
hisabp,GSHMASLAEAK,0.6035,0.9986,27.62,FE_120min_2ul_20160705_r2,-4.2,27.42,27.94
hisabp,GSHMASLAEAK,0.6443,0.9981,24.54,FE_90min_2ul_20160705_r3,-4.9,24.07,24.87
hisabp,GSHMASLAEAK,0.6548,0.9981,27.63,FE_120min_2ul_20160705_r3,-4.1,27.52,27.89
hisabp,GSHMASLAEAK,0.6642,0.9982,16,FE_30min_2ul_20160705_r1,-4.4,15.89,16.16
hisabp,GSHMASLAEAK,0.656,0.9979,15.9,FE_30min_2ul_20160705_r2,-4.2,15.76,16.03
hisabp,GSHMASLAEAK,0.6647,0.9975,16.02,FE_30min_2ul_20160705_r3,-4.2,15.88,16.15
hisabp,GSHMASLAEAK,0.6533,0.9981,20.74,FE_60min_2ul_20160705_r1,-4.5,20.63,20.94
hisabp,GSHMASLAEAK,0.6576,0.9983,20.53,FE_60min_2ul_20160705_r2,-5,20.42,20.71
hisabp,GSHMASLAEAK,0.6466,0.9985,20.95,FE_60min_2ul_20160705_r3,-4.4,20.77,21.06
hisabp,GSHMASLAEAK,0.6434,0.9989,24.39,FE_90min_2ul_20160705_r1,-4.8,24.11,24.71
hisabp,GSHMASLAEAK,0.6565,0.9985,24.45,FE_90min_2ul_20160705_r2,-5,24.28,24.61
hisabp,GSHMASLAEAK,0.6909,0.9929,27.07,FE_120min_2ul_20160705_r1,-5.2,26.67,27.41
hisabp,GSHMASLAEAK,0.6035,0.9986,27.62,FE_120min_2ul_20160705_r2,-4.5,27.42,27.94
hisabp,GSHMASLAEAK,0.6443,0.9981,24.54,FE_90min_2ul_20160705_r3,-4.9,24.07,24.87
hisabp,GSHMASLAEAK,0.6548,0.9981,27.63,FE_120min_2ul_20160705_r3,-4.3,27.52,27.89
hisabp,GSHMASLAEAKVLANR,340282346638529000000000000000000000000,0,17.95,FE_30min_2ul_20160705_r1,1.6,17.87,18.07
hisabp,GSHMASLAEAKVLANR,1887.5474,0.9967,17.94,FE_30min_2ul_20160705_r2,1.6,17.83,18.1
hisabp,GSHMASLAEAKVLANR,1036.5277,0.8968,17.87,FE_30min_2ul_20160705_r3,1.7,17.81,18.1
hisabp,GSHMASLAEAKVLANR,63937.6367,0.9968,22.51,FE_60min_2ul_20160705_r1,1.3,22.29,22.63
hisabp,GSHMASLAEAKVLANR,14557.1289,0.01,22.29,FE_60min_2ul_20160705_r2,1,22.08,22.44
hisabp,GSHMASLAEAKVLANR,9066.6885,0.0716,22.24,FE_60min_2ul_20160705_r3,1.1,22.12,22.48
hisabp,GSHMASLAEAKVLANR,798.1794,0.2838,25.5,FE_90min_2ul_20160705_r1,0.9,25.34,25.86
hisabp,GSHMASLAEAKVLANR,1231.8212,0.289,25.59,FE_90min_2ul_20160705_r2,0.8,25.29,25.78
hisabp,GSHMASLAEAKVLANR,865.2743,0.8473,28.33,FE_120min_2ul_20160705_r1,0.5,28.04,28.6
hisabp,GSHMASLAEAKVLANR,190.5988,0.903,27.93,FE_120min_2ul_20160705_r2,0.7,27.72,28.49
hisabp,GSHMASLAEAKVLANR,967.8585,0.6274,25.43,FE_90min_2ul_20160705_r3,0.6,25.27,25.76
hisabp,GSHMASLAEAKVLANR,1151.8956,0.739,28.11,FE_120min_2ul_20160705_r3,1.2,27.92,28.53
hisabp,GSHMASLAEAKVLANR,340282346638529000000000000000000000000,0,17.95,FE_30min_2ul_20160705_r1,#N/A,17.87,18.07
hisabp,GSHMASLAEAKVLANR,1887.5474,0.9967,17.94,FE_30min_2ul_20160705_r2,5.6,17.83,18.1
hisabp,GSHMASLAEAKVLANR,1036.5277,0.8968,17.87,FE_30min_2ul_20160705_r3,-7,17.81,18.1
hisabp,GSHMASLAEAKVLANR,63937.6367,0.9968,22.51,FE_60min_2ul_20160705_r1,-21.7,22.29,22.63
hisabp,GSHMASLAEAKVLANR,14557.1289,0.01,22.29,FE_60min_2ul_20160705_r2,-16.7,22.08,22.44
hisabp,GSHMASLAEAKVLANR,9066.6885,0.0716,22.24,FE_60min_2ul_20160705_r3,-9.3,22.12,22.48
hisabp,GSHMASLAEAKVLANR,798.1794,0.2838,25.5,FE_90min_2ul_20160705_r1,-16.4,25.34,25.86
hisabp,GSHMASLAEAKVLANR,1231.8212,0.289,25.59,FE_90min_2ul_20160705_r2,-13.4,25.29,25.78
hisabp,GSHMASLAEAKVLANR,865.2743,0.8473,28.33,FE_120min_2ul_20160705_r1,-5.7,28.04,28.6
hisabp,GSHMASLAEAKVLANR,190.5988,0.903,27.93,FE_120min_2ul_20160705_r2,-8,27.72,28.49
hisabp,GSHMASLAEAKVLANR,967.8585,0.6274,25.43,FE_90min_2ul_20160705_r3,-9.2,25.27,25.76
hisabp,GSHMASLAEAKVLANR,1151.8956,0.739,28.11,FE_120min_2ul_20160705_r3,-12.9,27.92,28.53
hisabp,VLANRELDKYGVSDYHK,0.0212,0.9488,21.62,FE_30min_2ul_20160705_r1,-3.2,21.51,21.81
hisabp,VLANRELDKYGVSDYHK,0.0207,0.9596,21.46,FE_30min_2ul_20160705_r2,-4,21.33,21.59
hisabp,VLANRELDKYGVSDYHK,0.0307,0.9698,21.62,FE_30min_2ul_20160705_r3,-3.6,21.48,21.87
hisabp,VLANRELDKYGVSDYHK,0.0428,0.9823,32.15,FE_60min_2ul_20160705_r1,-3.7,31.99,32.85
hisabp,VLANRELDKYGVSDYHK,0.0422,0.9888,32.25,FE_60min_2ul_20160705_r2,-3.5,32.09,32.84
hisabp,VLANRELDKYGVSDYHK,0.0418,0.9819,32.44,FE_60min_2ul_20160705_r3,-3.9,32.35,33.24
hisabp,VLANRELDKYGVSDYHK,0.0402,0.9737,42.09,FE_90min_2ul_20160705_r1,-2.4,41.81,42.39
hisabp,VLANRELDKYGVSDYHK,0.0504,0.9906,42.02,FE_90min_2ul_20160705_r2,-1.6,41.8,42.26
hisabp,VLANRELDKYGVSDYHK,0.0344,0.984,49.47,FE_120min_2ul_20160705_r1,-5.6,49.15,49.47
hisabp,VLANRELDKYGVSDYHK,0.0288,0.9803,50.2,FE_120min_2ul_20160705_r2,-4,49.68,50.47
hisabp,VLANRELDKYGVSDYHK,0.0376,0.9799,41.21,FE_90min_2ul_20160705_r3,-5,40.97,41.54
hisabp,VLANRELDKYGVSDYHK,0.0354,0.9772,49,FE_120min_2ul_20160705_r3,-4.3,48.76,50.11
hisabp,VLANRELDKYGVSDYHK,0.0212,0.9488,21.62,FE_30min_2ul_20160705_r1,-2.6,21.51,21.81
hisabp,VLANRELDKYGVSDYHK,0.0207,0.9596,21.46,FE_30min_2ul_20160705_r2,-2.7,21.33,21.59
hisabp,VLANRELDKYGVSDYHK,0.0307,0.9698,21.62,FE_30min_2ul_20160705_r3,-2.7,21.48,21.87
hisabp,VLANRELDKYGVSDYHK,0.0428,0.9823,32.15,FE_60min_2ul_20160705_r1,-2.8,31.99,32.85
hisabp,VLANRELDKYGVSDYHK,0.0422,0.9888,32.25,FE_60min_2ul_20160705_r2,-3.1,32.09,32.84
hisabp,VLANRELDKYGVSDYHK,0.0418,0.9819,32.44,FE_60min_2ul_20160705_r3,-3,32.35,33.24
hisabp,VLANRELDKYGVSDYHK,0.0402,0.9737,42.09,FE_90min_2ul_20160705_r1,-3,41.81,42.39
hisabp,VLANRELDKYGVSDYHK,0.0504,0.9906,42.02,FE_90min_2ul_20160705_r2,-2.8,41.8,42.26
hisabp,VLANRELDKYGVSDYHK,0.0344,0.984,49.47,FE_120min_2ul_20160705_r1,-3.8,49.15,49.47
hisabp,VLANRELDKYGVSDYHK,0.0288,0.9803,50.2,FE_120min_2ul_20160705_r2,-2.9,49.68,50.47
hisabp,VLANRELDKYGVSDYHK,0.0376,0.9799,41.21,FE_90min_2ul_20160705_r3,-3.5,40.97,41.54
hisabp,VLANRELDKYGVSDYHK,0.0354,0.9772,49,FE_120min_2ul_20160705_r3,-3.1,48.76,50.11
hisabp,ELDKYGVSDYHK,2.3246,0.9946,16.62,FE_30min_2ul_20160705_r1,-4.2,16.43,17.03
hisabp,ELDKYGVSDYHK,2.2314,0.9943,16.53,FE_30min_2ul_20160705_r2,-4.3,16.35,16.61
hisabp,ELDKYGVSDYHK,2.2348,0.9941,16.64,FE_30min_2ul_20160705_r3,-3.9,16.46,16.78
hisabp,ELDKYGVSDYHK,2.3467,0.9946,21.64,FE_60min_2ul_20160705_r1,-4.3,21.26,21.89
hisabp,ELDKYGVSDYHK,2.8507,0.9945,21.49,FE_60min_2ul_20160705_r2,-4.6,21.11,22.34
hisabp,ELDKYGVSDYHK,2.2373,0.9947,21.8,FE_60min_2ul_20160705_r3,-4.4,21.34,21.93
hisabp,ELDKYGVSDYHK,2.1141,0.9949,25.08,FE_90min_2ul_20160705_r1,-4.9,24.98,25.13
hisabp,ELDKYGVSDYHK,2.1618,0.9946,25.1,FE_90min_2ul_20160705_r2,-4.7,24.88,25.16
hisabp,ELDKYGVSDYHK,2.0524,0.9947,28.12,FE_120min_2ul_20160705_r1,-4.7,27.93,28.22
hisabp,ELDKYGVSDYHK,2.1417,0.9938,28.26,FE_120min_2ul_20160705_r2,-4.5,27.74,28.5
hisabp,ELDKYGVSDYHK,2.2353,0.9947,25.33,FE_90min_2ul_20160705_r3,-4.8,24.91,25.68
hisabp,ELDKYGVSDYHK,2.1058,0.9947,28.2,FE_120min_2ul_20160705_r3,-4.1,27.88,28.37
hisabp,ELDKYGVSDYHK,2.3246,0.9946,16.62,FE_30min_2ul_20160705_r1,-4.3,16.43,17.03
hisabp,ELDKYGVSDYHK,2.2314,0.9943,16.53,FE_30min_2ul_20160705_r2,-4.2,16.35,16.61
hisabp,ELDKYGVSDYHK,2.2348,0.9941,16.64,FE_30min_2ul_20160705_r3,-4,16.46,16.78
hisabp,ELDKYGVSDYHK,2.3467,0.9946,21.64,FE_60min_2ul_20160705_r1,-4.3,21.26,21.89
hisabp,ELDKYGVSDYHK,2.8507,0.9945,21.49,FE_60min_2ul_20160705_r2,-4.7,21.11,22.34
hisabp,ELDKYGVSDYHK,2.2373,0.9947,21.8,FE_60min_2ul_20160705_r3,-4.4,21.34,21.93
hisabp,ELDKYGVSDYHK,2.1141,0.9949,25.08,FE_90min_2ul_20160705_r1,-4.1,24.98,25.13
hisabp,ELDKYGVSDYHK,2.1618,0.9946,25.1,FE_90min_2ul_20160705_r2,-4.4,24.88,25.16
hisabp,ELDKYGVSDYHK,2.0524,0.9947,28.12,FE_120min_2ul_20160705_r1,-4.9,27.93,28.22
hisabp,ELDKYGVSDYHK,2.1417,0.9938,28.26,FE_120min_2ul_20160705_r2,-4.6,27.74,28.5
hisabp,ELDKYGVSDYHK,2.2353,0.9947,25.33,FE_90min_2ul_20160705_r3,-4.9,24.91,25.68
hisabp,ELDKYGVSDYHK,2.1058,0.9947,28.2,FE_120min_2ul_20160705_r3,-4.2,27.88,28.37
hisabp,ELDKYGVSDYHK,2.3246,0.9946,16.62,FE_30min_2ul_20160705_r1,-3.3,16.43,17.03
hisabp,ELDKYGVSDYHK,2.2314,0.9943,16.53,FE_30min_2ul_20160705_r2,-3.5,16.35,16.61
hisabp,ELDKYGVSDYHK,2.2348,0.9941,16.64,FE_30min_2ul_20160705_r3,-3.1,16.46,16.78
hisabp,ELDKYGVSDYHK,2.3467,0.9946,21.64,FE_60min_2ul_20160705_r1,-3.4,21.26,21.89
hisabp,ELDKYGVSDYHK,2.8507,0.9945,21.49,FE_60min_2ul_20160705_r2,-3.7,21.11,22.34
hisabp,ELDKYGVSDYHK,2.2373,0.9947,21.8,FE_60min_2ul_20160705_r3,-3.5,21.34,21.93
hisabp,ELDKYGVSDYHK,2.1141,0.9949,25.08,FE_90min_2ul_20160705_r1,-4.1,24.98,25.13
hisabp,ELDKYGVSDYHK,2.1618,0.9946,25.1,FE_90min_2ul_20160705_r2,-4,24.88,25.16
hisabp,ELDKYGVSDYHK,2.0524,0.9947,28.12,FE_120min_2ul_20160705_r1,-3.8,27.93,28.22
hisabp,ELDKYGVSDYHK,2.1417,0.9938,28.26,FE_120min_2ul_20160705_r2,-3.5,27.74,28.5
hisabp,ELDKYGVSDYHK,2.2353,0.9947,25.33,FE_90min_2ul_20160705_r3,-4,24.91,25.68
hisabp,ELDKYGVSDYHK,2.1058,0.9947,28.2,FE_120min_2ul_20160705_r3,-3.4,27.88,28.37
hisabp,ELDKYGVSDYHK,2.3246,0.9946,16.62,FE_30min_2ul_20160705_r1,-4,16.43,17.03
hisabp,ELDKYGVSDYHK,2.2314,0.9943,16.53,FE_30min_2ul_20160705_r2,-4.1,16.35,16.61
hisabp,ELDKYGVSDYHK,2.2348,0.9941,16.64,FE_30min_2ul_20160705_r3,-3.7,16.46,16.78
hisabp,ELDKYGVSDYHK,2.3467,0.9946,21.64,FE_60min_2ul_20160705_r1,-4.1,21.26,21.89
hisabp,ELDKYGVSDYHK,2.8507,0.9945,21.49,FE_60min_2ul_20160705_r2,-4.4,21.11,22.34
hisabp,ELDKYGVSDYHK,2.2373,0.9947,21.8,FE_60min_2ul_20160705_r3,-4.2,21.34,21.93
hisabp,ELDKYGVSDYHK,2.1141,0.9949,25.08,FE_90min_2ul_20160705_r1,-4.7,24.98,25.13
hisabp,ELDKYGVSDYHK,2.1618,0.9946,25.1,FE_90min_2ul_20160705_r2,-4.6,24.88,25.16
hisabp,ELDKYGVSDYHK,2.0524,0.9947,28.12,FE_120min_2ul_20160705_r1,-4.6,27.93,28.22
hisabp,ELDKYGVSDYHK,2.1417,0.9938,28.26,FE_120min_2ul_20160705_r2,-4.3,27.74,28.5
hisabp,ELDKYGVSDYHK,2.2353,0.9947,25.33,FE_90min_2ul_20160705_r3,-4.6,24.91,25.68
hisabp,ELDKYGVSDYHK,2.1058,0.9947,28.2,FE_120min_2ul_20160705_r3,-4.1,27.88,28.37
hisabp,ELDKYGVSDYHK,2.3246,0.9946,16.62,FE_30min_2ul_20160705_r1,-4.8,16.43,17.03
hisabp,ELDKYGVSDYHK,2.2314,0.9943,16.53,FE_30min_2ul_20160705_r2,-5,16.35,16.61
hisabp,ELDKYGVSDYHK,2.2348,0.9941,16.64,FE_30min_2ul_20160705_r3,-4.4,16.46,16.78
hisabp,ELDKYGVSDYHK,2.3467,0.9946,21.64,FE_60min_2ul_20160705_r1,-4.8,21.26,21.89
hisabp,ELDKYGVSDYHK,2.8507,0.9945,21.49,FE_60min_2ul_20160705_r2,-5.1,21.11,22.34
hisabp,ELDKYGVSDYHK,2.2373,0.9947,21.8,FE_60min_2ul_20160705_r3,-5,21.34,21.93
hisabp,ELDKYGVSDYHK,2.1141,0.9949,25.08,FE_90min_2ul_20160705_r1,-5.1,24.98,25.13
hisabp,ELDKYGVSDYHK,2.1618,0.9946,25.1,FE_90min_2ul_20160705_r2,-5.2,24.88,25.16
hisabp,ELDKYGVSDYHK,2.0524,0.9947,28.12,FE_120min_2ul_20160705_r1,-5.3,27.93,28.22
hisabp,ELDKYGVSDYHK,2.1417,0.9938,28.26,FE_120min_2ul_20160705_r2,-5.1,27.74,28.5
hisabp,ELDKYGVSDYHK,2.2353,0.9947,25.33,FE_90min_2ul_20160705_r3,-5.4,24.91,25.68
hisabp,ELDKYGVSDYHK,2.1058,0.9947,28.2,FE_120min_2ul_20160705_r3,-4.7,27.88,28.37
hisabp,ELDKYGVSDYHK,2.3246,0.9946,16.62,FE_30min_2ul_20160705_r1,-4.4,16.43,17.03
hisabp,ELDKYGVSDYHK,2.2314,0.9943,16.53,FE_30min_2ul_20160705_r2,-4.3,16.35,16.61
hisabp,ELDKYGVSDYHK,2.2348,0.9941,16.64,FE_30min_2ul_20160705_r3,-3.9,16.46,16.78
hisabp,ELDKYGVSDYHK,2.3467,0.9946,21.64,FE_60min_2ul_20160705_r1,-4.4,21.26,21.89
hisabp,ELDKYGVSDYHK,2.8507,0.9945,21.49,FE_60min_2ul_20160705_r2,-4.8,21.11,22.34
hisabp,ELDKYGVSDYHK,2.2373,0.9947,21.8,FE_60min_2ul_20160705_r3,-4.7,21.34,21.93
hisabp,ELDKYGVSDYHK,2.1141,0.9949,25.08,FE_90min_2ul_20160705_r1,-5.5,24.98,25.13
hisabp,ELDKYGVSDYHK,2.1618,0.9946,25.1,FE_90min_2ul_20160705_r2,-5.3,24.88,25.16
hisabp,ELDKYGVSDYHK,2.0524,0.9947,28.12,FE_120min_2ul_20160705_r1,-5.3,27.93,28.22
hisabp,ELDKYGVSDYHK,2.1417,0.9938,28.26,FE_120min_2ul_20160705_r2,-7.6,27.74,28.5
hisabp,ELDKYGVSDYHK,2.2353,0.9947,25.33,FE_90min_2ul_20160705_r3,-5,24.91,25.68
hisabp,ELDKYGVSDYHK,2.1058,0.9947,28.2,FE_120min_2ul_20160705_r3,-4.7,27.88,28.37
hisabp,ELDKYGVSDYHKNLINNAK,0.0759,0.9823,23.3,FE_30min_2ul_20160705_r1,-2.8,23.15,24.08
hisabp,ELDKYGVSDYHKNLINNAK,0.0725,0.9881,23.06,FE_30min_2ul_20160705_r2,-2.9,22.82,23.92
hisabp,ELDKYGVSDYHKNLINNAK,0.0745,0.9863,23.3,FE_30min_2ul_20160705_r3,-2.8,23.09,24.22
hisabp,ELDKYGVSDYHKNLINNAK,0.0758,0.9855,35.07,FE_60min_2ul_20160705_r1,-3,34.66,36.87
hisabp,ELDKYGVSDYHKNLINNAK,0.0748,0.9878,34.85,FE_60min_2ul_20160705_r2,-3.2,34.56,36.65
hisabp,ELDKYGVSDYHKNLINNAK,0.074,0.9884,35.28,FE_60min_2ul_20160705_r3,-3.5,35,37.29
hisabp,ELDKYGVSDYHKNLINNAK,0.0735,0.986,45.86,FE_90min_2ul_20160705_r1,-3.7,45.38,48.65
hisabp,ELDKYGVSDYHKNLINNAK,0.0742,0.9861,45.69,FE_90min_2ul_20160705_r2,-3.7,45.33,48.13
hisabp,ELDKYGVSDYHKNLINNAK,0.0766,0.9824,55.09,FE_120min_2ul_20160705_r1,-3.6,54.62,58.12
hisabp,ELDKYGVSDYHKNLINNAK,0.067,0.9892,56.08,FE_120min_2ul_20160705_r2,-3,55.41,56.39
hisabp,ELDKYGVSDYHKNLINNAK,0.0691,0.9829,45.55,FE_90min_2ul_20160705_r3,-4,45.09,45.77
hisabp,ELDKYGVSDYHKNLINNAK,0.0794,0.9833,56.58,FE_120min_2ul_20160705_r3,-3.4,56.29,58.28
hisabp,ELDKYGVSDYHKNLINNAK,0.0759,0.9823,23.3,FE_30min_2ul_20160705_r1,-3.6,23.15,24.08
hisabp,ELDKYGVSDYHKNLINNAK,0.0725,0.9881,23.06,FE_30min_2ul_20160705_r2,-3.5,22.82,23.92
hisabp,ELDKYGVSDYHKNLINNAK,0.0745,0.9863,23.3,FE_30min_2ul_20160705_r3,-3.3,23.09,24.22
hisabp,ELDKYGVSDYHKNLINNAK,0.0758,0.9855,35.07,FE_60min_2ul_20160705_r1,-3.3,34.66,36.87
hisabp,ELDKYGVSDYHKNLINNAK,0.0748,0.9878,34.85,FE_60min_2ul_20160705_r2,-3.6,34.56,36.65
hisabp,ELDKYGVSDYHKNLINNAK,0.074,0.9884,35.28,FE_60min_2ul_20160705_r3,-3.7,35,37.29
hisabp,ELDKYGVSDYHKNLINNAK,0.0735,0.986,45.86,FE_90min_2ul_20160705_r1,-3.9,45.38,48.65
hisabp,ELDKYGVSDYHKNLINNAK,0.0742,0.9861,45.69,FE_90min_2ul_20160705_r2,-4,45.33,48.13
hisabp,ELDKYGVSDYHKNLINNAK,0.0766,0.9824,55.09,FE_120min_2ul_20160705_r1,-4.1,54.62,58.12
hisabp,ELDKYGVSDYHKNLINNAK,0.067,0.9892,56.08,FE_120min_2ul_20160705_r2,-3.5,55.41,56.39
hisabp,ELDKYGVSDYHKNLINNAK,0.0691,0.9829,45.55,FE_90min_2ul_20160705_r3,-3.8,45.09,45.77
hisabp,ELDKYGVSDYHKNLINNAK,0.0794,0.9833,56.58,FE_120min_2ul_20160705_r3,-4.2,56.29,58.28
hisabp,ELDKYGVSDYHKNLINNAK,0.0759,0.9823,23.3,FE_30min_2ul_20160705_r1,-3.1,23.15,24.08
hisabp,ELDKYGVSDYHKNLINNAK,0.0725,0.9881,23.06,FE_30min_2ul_20160705_r2,-3.4,22.82,23.92
hisabp,ELDKYGVSDYHKNLINNAK,0.0745,0.9863,23.3,FE_30min_2ul_20160705_r3,-2.8,23.09,24.22
hisabp,ELDKYGVSDYHKNLINNAK,0.0758,0.9855,35.07,FE_60min_2ul_20160705_r1,-2.8,34.66,36.87
hisabp,ELDKYGVSDYHKNLINNAK,0.0748,0.9878,34.85,FE_60min_2ul_20160705_r2,-3.1,34.56,36.65
hisabp,ELDKYGVSDYHKNLINNAK,0.074,0.9884,35.28,FE_60min_2ul_20160705_r3,-3.1,35,37.29
hisabp,ELDKYGVSDYHKNLINNAK,0.0735,0.986,45.86,FE_90min_2ul_20160705_r1,-3.4,45.38,48.65
hisabp,ELDKYGVSDYHKNLINNAK,0.0742,0.9861,45.69,FE_90min_2ul_20160705_r2,-3.5,45.33,48.13
hisabp,ELDKYGVSDYHKNLINNAK,0.0766,0.9824,55.09,FE_120min_2ul_20160705_r1,-3.5,54.62,58.12
hisabp,ELDKYGVSDYHKNLINNAK,0.067,0.9892,56.08,FE_120min_2ul_20160705_r2,-2.6,55.41,56.39
hisabp,ELDKYGVSDYHKNLINNAK,0.0691,0.9829,45.55,FE_90min_2ul_20160705_r3,-2.9,45.09,45.77
hisabp,ELDKYGVSDYHKNLINNAK,0.0794,0.9833,56.58,FE_120min_2ul_20160705_r3,-3.8,56.29,58.28
hisabp,ELDKYGVSDYHKNLINNAK,0.0759,0.9823,23.3,FE_30min_2ul_20160705_r1,-3.3,23.15,24.08
hisabp,ELDKYGVSDYHKNLINNAK,0.0725,0.9881,23.06,FE_30min_2ul_20160705_r2,-3.6,22.82,23.92
hisabp,ELDKYGVSDYHKNLINNAK,0.0745,0.9863,23.3,FE_30min_2ul_20160705_r3,-3.1,23.09,24.22
hisabp,ELDKYGVSDYHKNLINNAK,0.0758,0.9855,35.07,FE_60min_2ul_20160705_r1,-3.1,34.66,36.87
hisabp,ELDKYGVSDYHKNLINNAK,0.0748,0.9878,34.85,FE_60min_2ul_20160705_r2,-3.3,34.56,36.65
hisabp,ELDKYGVSDYHKNLINNAK,0.074,0.9884,35.28,FE_60min_2ul_20160705_r3,-3.4,35,37.29
hisabp,ELDKYGVSDYHKNLINNAK,0.0735,0.986,45.86,FE_90min_2ul_20160705_r1,-3.6,45.38,48.65
hisabp,ELDKYGVSDYHKNLINNAK,0.0742,0.9861,45.69,FE_90min_2ul_20160705_r2,-3.6,45.33,48.13
hisabp,ELDKYGVSDYHKNLINNAK,0.0766,0.9824,55.09,FE_120min_2ul_20160705_r1,-3.8,54.62,58.12
hisabp,ELDKYGVSDYHKNLINNAK,0.067,0.9892,56.08,FE_120min_2ul_20160705_r2,-3,55.41,56.39
hisabp,ELDKYGVSDYHKNLINNAK,0.0691,0.9829,45.55,FE_90min_2ul_20160705_r3,-3.3,45.09,45.77
hisabp,ELDKYGVSDYHKNLINNAK,0.0794,0.9833,56.58,FE_120min_2ul_20160705_r3,-3.8,56.29,58.28
hisabp,YGVSDYHK,2.7227,0.9983,13.44,FE_30min_2ul_20160705_r1,-4.8,13.27,13.71
hisabp,YGVSDYHK,2.7436,0.9983,13.29,FE_30min_2ul_20160705_r2,-4.6,13.17,13.47
hisabp,YGVSDYHK,2.7837,0.9979,13.43,FE_30min_2ul_20160705_r3,-4.4,13.25,13.55
hisabp,YGVSDYHK,2.7591,0.9981,14.7,FE_60min_2ul_20160705_r1,-4.6,14.57,15.05
hisabp,YGVSDYHK,2.5728,0.9983,14.76,FE_60min_2ul_20160705_r2,-4.6,14.66,14.87
hisabp,YGVSDYHK,2.8357,0.9983,14.3,FE_60min_2ul_20160705_r3,-4.7,14.22,14.48
hisabp,YGVSDYHK,2.6852,0.9989,15.15,FE_90min_2ul_20160705_r1,-5,14.96,15.56
hisabp,YGVSDYHK,2.8174,0.9987,15.38,FE_90min_2ul_20160705_r2,-5.4,15.01,15.65
hisabp,YGVSDYHK,2.6911,0.998,15.39,FE_120min_2ul_20160705_r1,-5,15.08,15.49
hisabp,YGVSDYHK,2.7989,0.9978,15.73,FE_120min_2ul_20160705_r2,-5.1,15.37,16.84
hisabp,YGVSDYHK,2.774,0.9979,15.23,FE_90min_2ul_20160705_r3,-5.5,14.95,15.81
hisabp,YGVSDYHK,2.7817,0.9981,15.53,FE_120min_2ul_20160705_r3,-4.8,15.37,16.38
hisabp,YGVSDYHK,2.7227,0.9983,13.44,FE_30min_2ul_20160705_r1,-5.3,13.27,13.71
hisabp,YGVSDYHK,2.7436,0.9983,13.29,FE_30min_2ul_20160705_r2,-5.1,13.17,13.47
hisabp,YGVSDYHK,2.7837,0.9979,13.43,FE_30min_2ul_20160705_r3,-4.8,13.25,13.55
hisabp,YGVSDYHK,2.7591,0.9981,14.7,FE_60min_2ul_20160705_r1,-5.3,14.57,15.05
hisabp,YGVSDYHK,2.5728,0.9983,14.76,FE_60min_2ul_20160705_r2,-4.9,14.66,14.87
hisabp,YGVSDYHK,2.8357,0.9983,14.3,FE_60min_2ul_20160705_r3,-5.3,14.22,14.48
hisabp,YGVSDYHK,2.6852,0.9989,15.15,FE_90min_2ul_20160705_r1,-5.3,14.96,15.56
hisabp,YGVSDYHK,2.8174,0.9987,15.38,FE_90min_2ul_20160705_r2,-5.5,15.01,15.65
hisabp,YGVSDYHK,2.6911,0.998,15.39,FE_120min_2ul_20160705_r1,-5.4,15.08,15.49
hisabp,YGVSDYHK,2.7989,0.9978,15.73,FE_120min_2ul_20160705_r2,-5.3,15.37,16.84
hisabp,YGVSDYHK,2.774,0.9979,15.23,FE_90min_2ul_20160705_r3,-5.7,14.95,15.81
hisabp,YGVSDYHK,2.7817,0.9981,15.53,FE_120min_2ul_20160705_r3,-4.9,15.37,16.38
hisabp,YGVSDYHK,2.7227,0.9983,13.44,FE_30min_2ul_20160705_r1,-5.4,13.27,13.71
hisabp,YGVSDYHK,2.7436,0.9983,13.29,FE_30min_2ul_20160705_r2,-5.2,13.17,13.47
hisabp,YGVSDYHK,2.7837,0.9979,13.43,FE_30min_2ul_20160705_r3,-4.8,13.25,13.55
hisabp,YGVSDYHK,2.7591,0.9981,14.7,FE_60min_2ul_20160705_r1,-5.3,14.57,15.05
hisabp,YGVSDYHK,2.5728,0.9983,14.76,FE_60min_2ul_20160705_r2,-5.1,14.66,14.87
hisabp,YGVSDYHK,2.8357,0.9983,14.3,FE_60min_2ul_20160705_r3,-5.4,14.22,14.48
hisabp,YGVSDYHK,2.6852,0.9989,15.15,FE_90min_2ul_20160705_r1,-5.4,14.96,15.56
hisabp,YGVSDYHK,2.8174,0.9987,15.38,FE_90min_2ul_20160705_r2,-5.6,15.01,15.65
hisabp,YGVSDYHK,2.6911,0.998,15.39,FE_120min_2ul_20160705_r1,-5.5,15.08,15.49
hisabp,YGVSDYHK,2.7989,0.9978,15.73,FE_120min_2ul_20160705_r2,-5.5,15.37,16.84
hisabp,YGVSDYHK,2.774,0.9979,15.23,FE_90min_2ul_20160705_r3,-5.8,14.95,15.81
hisabp,YGVSDYHK,2.7817,0.9981,15.53,FE_120min_2ul_20160705_r3,-5.1,15.37,16.38
hisabp,YGVSDYHK,2.7227,0.9983,13.44,FE_30min_2ul_20160705_r1,-5.3,13.27,13.71
hisabp,YGVSDYHK,2.7436,0.9983,13.29,FE_30min_2ul_20160705_r2,-5.1,13.17,13.47
hisabp,YGVSDYHK,2.7837,0.9979,13.43,FE_30min_2ul_20160705_r3,-4.9,13.25,13.55
hisabp,YGVSDYHK,2.7591,0.9981,14.7,FE_60min_2ul_20160705_r1,-5.3,14.57,15.05
hisabp,YGVSDYHK,2.5728,0.9983,14.76,FE_60min_2ul_20160705_r2,-5,14.66,14.87
hisabp,YGVSDYHK,2.8357,0.9983,14.3,FE_60min_2ul_20160705_r3,-5.3,14.22,14.48
hisabp,YGVSDYHK,2.6852,0.9989,15.15,FE_90min_2ul_20160705_r1,-5.3,14.96,15.56
hisabp,YGVSDYHK,2.8174,0.9987,15.38,FE_90min_2ul_20160705_r2,-5.3,15.01,15.65
hisabp,YGVSDYHK,2.6911,0.998,15.39,FE_120min_2ul_20160705_r1,-5.5,15.08,15.49
hisabp,YGVSDYHK,2.7989,0.9978,15.73,FE_120min_2ul_20160705_r2,-5.3,15.37,16.84
hisabp,YGVSDYHK,2.774,0.9979,15.23,FE_90min_2ul_20160705_r3,-5.6,14.95,15.81
hisabp,YGVSDYHK,2.7817,0.9981,15.53,FE_120min_2ul_20160705_r3,-4.9,15.37,16.38
hisabp,YGVSDYHKNLINNAK,0.0647,0.979,20.89,FE_30min_2ul_20160705_r1,-3.9,20.74,21.03
hisabp,YGVSDYHKNLINNAK,0.0629,0.9949,20.7,FE_30min_2ul_20160705_r2,-3.3,20.48,20.95
hisabp,YGVSDYHKNLINNAK,0.0604,0.984,20.94,FE_30min_2ul_20160705_r3,-3.4,20.72,21
hisabp,YGVSDYHKNLINNAK,0.055,0.995,30.28,FE_60min_2ul_20160705_r1,-3.2,30.01,30.8
hisabp,YGVSDYHKNLINNAK,0.0549,0.9934,30.18,FE_60min_2ul_20160705_r2,-3.7,29.99,30.81
hisabp,YGVSDYHKNLINNAK,0.0569,0.9943,30.68,FE_60min_2ul_20160705_r3,-3.8,30.41,31.12
hisabp,YGVSDYHKNLINNAK,0.0552,0.993,38.76,FE_90min_2ul_20160705_r1,-4.1,38.58,39.37
hisabp,YGVSDYHKNLINNAK,0.0566,0.9946,38.64,FE_90min_2ul_20160705_r2,-4,38.36,39.4
hisabp,YGVSDYHKNLINNAK,0.0568,0.9936,46.22,FE_120min_2ul_20160705_r1,-4.3,46.04,47.06
hisabp,YGVSDYHKNLINNAK,0.0554,0.9958,46.91,FE_120min_2ul_20160705_r2,-3.6,46.51,47.87
hisabp,YGVSDYHKNLINNAK,0.0568,0.9918,38.74,FE_90min_2ul_20160705_r3,-4.2,38.41,39.41
hisabp,YGVSDYHKNLINNAK,0.0565,0.9938,46.06,FE_120min_2ul_20160705_r3,-3.8,45.8,46.78
hisabp,YGVSDYHKNLINNAK,0.0647,0.979,20.89,FE_30min_2ul_20160705_r1,-2.9,20.74,21.03
hisabp,YGVSDYHKNLINNAK,0.0629,0.9949,20.7,FE_30min_2ul_20160705_r2,-5.2,20.48,20.95
hisabp,YGVSDYHKNLINNAK,0.0604,0.984,20.94,FE_30min_2ul_20160705_r3,-3.6,20.72,21
hisabp,YGVSDYHKNLINNAK,0.055,0.995,30.28,FE_60min_2ul_20160705_r1,-3.5,30.01,30.8
hisabp,YGVSDYHKNLINNAK,0.0549,0.9934,30.18,FE_60min_2ul_20160705_r2,-3.9,29.99,30.81
hisabp,YGVSDYHKNLINNAK,0.0569,0.9943,30.68,FE_60min_2ul_20160705_r3,-3.7,30.41,31.12
hisabp,YGVSDYHKNLINNAK,0.0552,0.993,38.76,FE_90min_2ul_20160705_r1,-4,38.58,39.37
hisabp,YGVSDYHKNLINNAK,0.0566,0.9946,38.64,FE_90min_2ul_20160705_r2,-3.9,38.36,39.4
hisabp,YGVSDYHKNLINNAK,0.0568,0.9936,46.22,FE_120min_2ul_20160705_r1,-4.2,46.04,47.06
hisabp,YGVSDYHKNLINNAK,0.0554,0.9958,46.91,FE_120min_2ul_20160705_r2,-3.5,46.51,47.87
hisabp,YGVSDYHKNLINNAK,0.0568,0.9918,38.74,FE_90min_2ul_20160705_r3,-4.1,38.41,39.41
hisabp,YGVSDYHKNLINNAK,0.0565,0.9938,46.06,FE_120min_2ul_20160705_r3,-3.8,45.8,46.78
hisabp,YGVSDYHKNLINNAK,0.0647,0.979,20.89,FE_30min_2ul_20160705_r1,-4,20.74,21.03
hisabp,YGVSDYHKNLINNAK,0.0629,0.9949,20.7,FE_30min_2ul_20160705_r2,-3.1,20.48,20.95
hisabp,YGVSDYHKNLINNAK,0.0604,0.984,20.94,FE_30min_2ul_20160705_r3,-3.5,20.72,21
hisabp,YGVSDYHKNLINNAK,0.055,0.995,30.28,FE_60min_2ul_20160705_r1,-3.6,30.01,30.8
hisabp,YGVSDYHKNLINNAK,0.0549,0.9934,30.18,FE_60min_2ul_20160705_r2,-4,29.99,30.81
hisabp,YGVSDYHKNLINNAK,0.0569,0.9943,30.68,FE_60min_2ul_20160705_r3,-3.9,30.41,31.12
hisabp,YGVSDYHKNLINNAK,0.0552,0.993,38.76,FE_90min_2ul_20160705_r1,-4.2,38.58,39.37
hisabp,YGVSDYHKNLINNAK,0.0566,0.9946,38.64,FE_90min_2ul_20160705_r2,-4,38.36,39.4
hisabp,YGVSDYHKNLINNAK,0.0568,0.9936,46.22,FE_120min_2ul_20160705_r1,-4.2,46.04,47.06
hisabp,YGVSDYHKNLINNAK,0.0554,0.9958,46.91,FE_120min_2ul_20160705_r2,-3.8,46.51,47.87
hisabp,YGVSDYHKNLINNAK,0.0568,0.9918,38.74,FE_90min_2ul_20160705_r3,-4.4,38.41,39.41
hisabp,YGVSDYHKNLINNAK,0.0565,0.9938,46.06,FE_120min_2ul_20160705_r3,-4.1,45.8,46.78
hisabp,YGVSDYHKNLINNAK,0.0647,0.979,20.89,FE_30min_2ul_20160705_r1,-4.2,20.74,21.03
hisabp,YGVSDYHKNLINNAK,0.0629,0.9949,20.7,FE_30min_2ul_20160705_r2,-3.5,20.48,20.95
hisabp,YGVSDYHKNLINNAK,0.0604,0.984,20.94,FE_30min_2ul_20160705_r3,-3.8,20.72,21
hisabp,YGVSDYHKNLINNAK,0.055,0.995,30.28,FE_60min_2ul_20160705_r1,-3.7,30.01,30.8
hisabp,YGVSDYHKNLINNAK,0.0549,0.9934,30.18,FE_60min_2ul_20160705_r2,-4.2,29.99,30.81
hisabp,YGVSDYHKNLINNAK,0.0569,0.9943,30.68,FE_60min_2ul_20160705_r3,-3.9,30.41,31.12
hisabp,YGVSDYHKNLINNAK,0.0552,0.993,38.76,FE_90min_2ul_20160705_r1,-4.4,38.58,39.37
hisabp,YGVSDYHKNLINNAK,0.0566,0.9946,38.64,FE_90min_2ul_20160705_r2,-4.2,38.36,39.4
hisabp,YGVSDYHKNLINNAK,0.0568,0.9936,46.22,FE_120min_2ul_20160705_r1,-4.5,46.04,47.06
hisabp,YGVSDYHKNLINNAK,0.0554,0.9958,46.91,FE_120min_2ul_20160705_r2,-3.9,46.51,47.87
hisabp,YGVSDYHKNLINNAK,0.0568,0.9918,38.74,FE_90min_2ul_20160705_r3,-4.5,38.41,39.41
hisabp,YGVSDYHKNLINNAK,0.0565,0.9938,46.06,FE_120min_2ul_20160705_r3,-4.2,45.8,46.78
hisabp,NLINNAK,2.4039,0.9978,14.14,FE_30min_2ul_20160705_r1,-4.6,14.07,14.24
hisabp,NLINNAK,2.4822,0.9977,14.17,FE_30min_2ul_20160705_r2,-4.7,14.11,14.25
hisabp,NLINNAK,2.146,0.998,14.17,FE_30min_2ul_20160705_r3,-4.1,14.06,14.31
hisabp,NLINNAK,2.1882,0.9977,15.52,FE_60min_2ul_20160705_r1,-4.6,15.41,15.66
hisabp,NLINNAK,2.1716,0.9978,15.64,FE_60min_2ul_20160705_r2,-4.4,15.48,16
hisabp,NLINNAK,2.1456,0.9977,15.16,FE_60min_2ul_20160705_r3,-4.7,15.03,15.41
hisabp,NLINNAK,2.1535,0.998,15.43,FE_90min_2ul_20160705_r1,-4.7,15.29,15.64
hisabp,NLINNAK,2.4644,0.9978,15.38,FE_90min_2ul_20160705_r2,-5.2,15.3,15.52
hisabp,NLINNAK,2.1675,0.998,15.71,FE_120min_2ul_20160705_r1,-5,15.57,16.4
hisabp,NLINNAK,2.17,0.998,15.37,FE_120min_2ul_20160705_r2,-5,15.23,16.11
hisabp,NLINNAK,2.1648,0.9982,15.33,FE_90min_2ul_20160705_r3,-5.2,15.18,15.77
hisabp,NLINNAK,2.1543,0.9977,15.23,FE_120min_2ul_20160705_r3,-4.8,15.09,15.71
hisabp,NLINNAK,2.4039,0.9978,14.14,FE_30min_2ul_20160705_r1,-5.1,14.07,14.24
hisabp,NLINNAK,2.4822,0.9977,14.17,FE_30min_2ul_20160705_r2,-5,14.11,14.25
hisabp,NLINNAK,2.146,0.998,14.17,FE_30min_2ul_20160705_r3,-4.5,14.06,14.31
hisabp,NLINNAK,2.1882,0.9977,15.52,FE_60min_2ul_20160705_r1,-5,15.41,15.66
hisabp,NLINNAK,2.1716,0.9978,15.64,FE_60min_2ul_20160705_r2,-4.6,15.48,16
hisabp,NLINNAK,2.1456,0.9977,15.16,FE_60min_2ul_20160705_r3,-5.1,15.03,15.41
hisabp,NLINNAK,2.1535,0.998,15.43,FE_90min_2ul_20160705_r1,-5.1,15.29,15.64
hisabp,NLINNAK,2.4644,0.9978,15.38,FE_90min_2ul_20160705_r2,-5.5,15.3,15.52
hisabp,NLINNAK,2.1675,0.998,15.71,FE_120min_2ul_20160705_r1,-5.4,15.57,16.4
hisabp,NLINNAK,2.17,0.998,15.37,FE_120min_2ul_20160705_r2,-5.3,15.23,16.11
hisabp,NLINNAK,2.1648,0.9982,15.33,FE_90min_2ul_20160705_r3,-5.4,15.18,15.77
hisabp,NLINNAK,2.1543,0.9977,15.23,FE_120min_2ul_20160705_r3,-5.1,15.09,15.71
hisabp,TVEGVK,2.9814,0.9962,10.58,FE_30min_2ul_20160705_r1,-3.9,10.57,10.63
hisabp,TVEGVK,3.0898,0.9973,10.61,FE_30min_2ul_20160705_r2,-3.7,10.6,10.68
hisabp,TVEGVK,2.9413,0.9967,10.63,FE_30min_2ul_20160705_r3,-3.9,10.61,10.69
hisabp,TVEGVK,2.9695,0.9959,10.61,FE_60min_2ul_20160705_r1,-3.7,10.6,10.66
hisabp,TVEGVK,2.9496,0.9977,10.62,FE_60min_2ul_20160705_r2,-4.1,10.61,10.67
hisabp,TVEGVK,3.0127,0.9963,10.61,FE_60min_2ul_20160705_r3,-3.8,10.61,10.67
hisabp,TVEGVK,3.0037,0.9954,10.6,FE_90min_2ul_20160705_r1,-4.3,10.59,10.66
hisabp,TVEGVK,2.9584,0.996,10.61,FE_90min_2ul_20160705_r2,-4.2,10.6,10.7
hisabp,TVEGVK,2.9925,0.9964,10.58,FE_120min_2ul_20160705_r1,-4.5,10.57,10.65
hisabp,TVEGVK,2.9991,0.998,10.57,FE_120min_2ul_20160705_r2,-4.2,10.56,10.62
hisabp,TVEGVK,2.9489,0.9975,10.59,FE_90min_2ul_20160705_r3,-4.4,10.58,10.64
hisabp,TVEGVK,2.9783,0.9972,10.55,FE_120min_2ul_20160705_r3,-4.2,10.54,10.63
hisabp,TVEGVK,2.9814,0.9962,10.58,FE_30min_2ul_20160705_r1,-4.5,10.57,10.63
hisabp,TVEGVK,3.0898,0.9973,10.61,FE_30min_2ul_20160705_r2,-4.2,10.6,10.68
hisabp,TVEGVK,2.9413,0.9967,10.63,FE_30min_2ul_20160705_r3,-4.5,10.61,10.69
hisabp,TVEGVK,2.9695,0.9959,10.61,FE_60min_2ul_20160705_r1,-4.2,10.6,10.66
hisabp,TVEGVK,2.9496,0.9977,10.62,FE_60min_2ul_20160705_r2,-4.3,10.61,10.67
hisabp,TVEGVK,3.0127,0.9963,10.61,FE_60min_2ul_20160705_r3,-4.3,10.61,10.67
hisabp,TVEGVK,3.0037,0.9954,10.6,FE_90min_2ul_20160705_r1,-4.9,10.59,10.66
hisabp,TVEGVK,2.9584,0.996,10.61,FE_90min_2ul_20160705_r2,-4.7,10.6,10.7
hisabp,TVEGVK,2.9925,0.9964,10.58,FE_120min_2ul_20160705_r1,-5,10.57,10.65
hisabp,TVEGVK,2.9991,0.998,10.57,FE_120min_2ul_20160705_r2,-4.9,10.56,10.62
hisabp,TVEGVK,2.9489,0.9975,10.59,FE_90min_2ul_20160705_r3,-5,10.58,10.64
hisabp,TVEGVK,2.9783,0.9972,10.55,FE_120min_2ul_20160705_r3,-4.7,10.54,10.63
hisabp,TVEGVKDLQAQVVESAK,0.6812,0.9946,23.01,FE_30min_2ul_20160705_r1,-3.4,22.85,23.66
hisabp,TVEGVKDLQAQVVESAK,0.6809,0.9945,22.93,FE_30min_2ul_20160705_r2,-3.4,22.77,23.54
hisabp,TVEGVKDLQAQVVESAK,0.6787,0.9945,22.98,FE_30min_2ul_20160705_r3,-3.3,22.82,23.61
hisabp,TVEGVKDLQAQVVESAK,0.6796,0.9946,33.77,FE_60min_2ul_20160705_r1,-3.1,33.36,35.2
hisabp,TVEGVKDLQAQVVESAK,0.6785,0.9944,33.66,FE_60min_2ul_20160705_r2,-3.4,33.38,35.05
hisabp,TVEGVKDLQAQVVESAK,0.6424,0.9944,33.59,FE_60min_2ul_20160705_r3,-3.6,33.3,33.89
hisabp,TVEGVKDLQAQVVESAK,0.661,0.9945,43.6,FE_90min_2ul_20160705_r1,-3.8,43.11,44.35
hisabp,TVEGVKDLQAQVVESAK,0.6274,0.9946,43.39,FE_90min_2ul_20160705_r2,-3.8,43.13,43.45
hisabp,TVEGVKDLQAQVVESAK,0.6778,0.9947,52.84,FE_120min_2ul_20160705_r1,-3.9,52.46,55.94
hisabp,TVEGVKDLQAQVVESAK,0.6336,0.9939,52.95,FE_120min_2ul_20160705_r2,-3.4,52.51,53.24
hisabp,TVEGVKDLQAQVVESAK,0.6777,0.9946,43.58,FE_90min_2ul_20160705_r3,-3.8,43.28,45.71
hisabp,TVEGVKDLQAQVVESAK,0.6795,0.9944,53.02,FE_120min_2ul_20160705_r3,-3.3,52.4,55.94
hisabp,TVEGVKDLQAQVVESAK,0.6812,0.9946,23.01,FE_30min_2ul_20160705_r1,-3.7,22.85,23.66
hisabp,TVEGVKDLQAQVVESAK,0.6809,0.9945,22.93,FE_30min_2ul_20160705_r2,-3.6,22.77,23.54
hisabp,TVEGVKDLQAQVVESAK,0.6787,0.9945,22.98,FE_30min_2ul_20160705_r3,-3.6,22.82,23.61
hisabp,TVEGVKDLQAQVVESAK,0.6796,0.9946,33.77,FE_60min_2ul_20160705_r1,-3.4,33.36,35.2
hisabp,TVEGVKDLQAQVVESAK,0.6785,0.9944,33.66,FE_60min_2ul_20160705_r2,-3.7,33.38,35.05
hisabp,TVEGVKDLQAQVVESAK,0.6424,0.9944,33.59,FE_60min_2ul_20160705_r3,-3.8,33.3,33.89
hisabp,TVEGVKDLQAQVVESAK,0.661,0.9945,43.6,FE_90min_2ul_20160705_r1,-4.1,43.11,44.35
hisabp,TVEGVKDLQAQVVESAK,0.6274,0.9946,43.39,FE_90min_2ul_20160705_r2,-4.1,43.13,43.45
hisabp,TVEGVKDLQAQVVESAK,0.6778,0.9947,52.84,FE_120min_2ul_20160705_r1,-4.1,52.46,55.94
hisabp,TVEGVKDLQAQVVESAK,0.6336,0.9939,52.95,FE_120min_2ul_20160705_r2,-3.6,52.51,53.24
hisabp,TVEGVKDLQAQVVESAK,0.6777,0.9946,43.58,FE_90min_2ul_20160705_r3,-4,43.28,45.71
hisabp,TVEGVKDLQAQVVESAK,0.6795,0.9944,53.02,FE_120min_2ul_20160705_r3,-3.5,52.4,55.94
hisabp,TVEGVKDLQAQVVESAK,0.6812,0.9946,23.01,FE_30min_2ul_20160705_r1,-2.8,22.85,23.66
hisabp,TVEGVKDLQAQVVESAK,0.6809,0.9945,22.93,FE_30min_2ul_20160705_r2,-2.7,22.77,23.54
hisabp,TVEGVKDLQAQVVESAK,0.6787,0.9945,22.98,FE_30min_2ul_20160705_r3,-2.6,22.82,23.61
hisabp,TVEGVKDLQAQVVESAK,0.6796,0.9946,33.77,FE_60min_2ul_20160705_r1,-2.5,33.36,35.2
hisabp,TVEGVKDLQAQVVESAK,0.6785,0.9944,33.66,FE_60min_2ul_20160705_r2,-2.8,33.38,35.05
hisabp,TVEGVKDLQAQVVESAK,0.6424,0.9944,33.59,FE_60min_2ul_20160705_r3,-2.9,33.3,33.89
hisabp,TVEGVKDLQAQVVESAK,0.661,0.9945,43.6,FE_90min_2ul_20160705_r1,-3.1,43.11,44.35
hisabp,TVEGVKDLQAQVVESAK,0.6274,0.9946,43.39,FE_90min_2ul_20160705_r2,-3.2,43.13,43.45
hisabp,TVEGVKDLQAQVVESAK,0.6778,0.9947,52.84,FE_120min_2ul_20160705_r1,-3.2,52.46,55.94
hisabp,TVEGVKDLQAQVVESAK,0.6336,0.9939,52.95,FE_120min_2ul_20160705_r2,-2.7,52.51,53.24
hisabp,TVEGVKDLQAQVVESAK,0.6777,0.9946,43.58,FE_90min_2ul_20160705_r3,-3.1,43.28,45.71
hisabp,TVEGVKDLQAQVVESAK,0.6795,0.9944,53.02,FE_120min_2ul_20160705_r3,-2.6,52.4,55.94
hisabp,TVEGVKDLQAQVVESAK,0.6812,0.9946,23.01,FE_30min_2ul_20160705_r1,-3.4,22.85,23.66
hisabp,TVEGVKDLQAQVVESAK,0.6809,0.9945,22.93,FE_30min_2ul_20160705_r2,-3.4,22.77,23.54
hisabp,TVEGVKDLQAQVVESAK,0.6787,0.9945,22.98,FE_30min_2ul_20160705_r3,-3.2,22.82,23.61
hisabp,TVEGVKDLQAQVVESAK,0.6796,0.9946,33.77,FE_60min_2ul_20160705_r1,-3.2,33.36,35.2
hisabp,TVEGVKDLQAQVVESAK,0.6785,0.9944,33.66,FE_60min_2ul_20160705_r2,-3.5,33.38,35.05
hisabp,TVEGVKDLQAQVVESAK,0.6424,0.9944,33.59,FE_60min_2ul_20160705_r3,-3.6,33.3,33.89
hisabp,TVEGVKDLQAQVVESAK,0.661,0.9945,43.6,FE_90min_2ul_20160705_r1,-3.8,43.11,44.35
hisabp,TVEGVKDLQAQVVESAK,0.6274,0.9946,43.39,FE_90min_2ul_20160705_r2,-3.8,43.13,43.45
hisabp,TVEGVKDLQAQVVESAK,0.6778,0.9947,52.84,FE_120min_2ul_20160705_r1,-3.9,52.46,55.94
hisabp,TVEGVKDLQAQVVESAK,0.6336,0.9939,52.95,FE_120min_2ul_20160705_r2,-3.4,52.51,53.24
hisabp,TVEGVKDLQAQVVESAK,0.6777,0.9946,43.58,FE_90min_2ul_20160705_r3,-3.8,43.28,45.71
hisabp,TVEGVKDLQAQVVESAK,0.6795,0.9944,53.02,FE_120min_2ul_20160705_r3,-3.2,52.4,55.94
hisabp,TVEGVKDLQAQVVESAKK,0.6154,0.9864,21.07,FE_30min_2ul_20160705_r1,-3,20.81,21.54
hisabp,TVEGVKDLQAQVVESAKK,0.6154,0.987,20.94,FE_30min_2ul_20160705_r2,-2.8,20.78,21.4
hisabp,TVEGVKDLQAQVVESAKK,0.6118,0.9864,20.97,FE_30min_2ul_20160705_r3,-2.5,20.81,21.5
hisabp,TVEGVKDLQAQVVESAKK,0.6121,0.9869,30.16,FE_60min_2ul_20160705_r1,-2.6,29.81,31.33
hisabp,TVEGVKDLQAQVVESAKK,0.5994,0.9861,30.04,FE_60min_2ul_20160705_r2,-3,29.82,30.69
hisabp,TVEGVKDLQAQVVESAKK,0.6245,0.9866,28.58,FE_60min_2ul_20160705_r3,-4.1,28.44,28.83
hisabp,TVEGVKDLQAQVVESAKK,0.5506,0.9863,38.47,FE_90min_2ul_20160705_r1,-3.1,38.23,38.68
hisabp,TVEGVKDLQAQVVESAKK,0.5787,0.9863,38.32,FE_90min_2ul_20160705_r2,-3.2,37.97,38.89
hisabp,TVEGVKDLQAQVVESAKK,0.5306,0.9857,45.89,FE_120min_2ul_20160705_r1,-3.4,45.58,46
hisabp,TVEGVKDLQAQVVESAKK,0.6113,0.9863,46.33,FE_120min_2ul_20160705_r2,-2.7,45.74,49.17
hisabp,TVEGVKDLQAQVVESAKK,0.5768,0.9863,38.36,FE_90min_2ul_20160705_r3,-3.3,38.02,38.97
hisabp,TVEGVKDLQAQVVESAKK,0.5471,0.9858,45.85,FE_120min_2ul_20160705_r3,-3,45.5,46.14
hisabp,TVEGVKDLQAQVVESAKK,0.6154,0.9864,21.07,FE_30min_2ul_20160705_r1,-3.8,20.81,21.54
hisabp,TVEGVKDLQAQVVESAKK,0.6154,0.987,20.94,FE_30min_2ul_20160705_r2,-3.6,20.78,21.4
hisabp,TVEGVKDLQAQVVESAKK,0.6118,0.9864,20.97,FE_30min_2ul_20160705_r3,-3.4,20.81,21.5
hisabp,TVEGVKDLQAQVVESAKK,0.6121,0.9869,30.16,FE_60min_2ul_20160705_r1,-3.4,29.81,31.33
hisabp,TVEGVKDLQAQVVESAKK,0.5994,0.9861,30.04,FE_60min_2ul_20160705_r2,-3.8,29.82,30.69
hisabp,TVEGVKDLQAQVVESAKK,0.6245,0.9866,28.58,FE_60min_2ul_20160705_r3,-3.7,28.44,28.83
hisabp,TVEGVKDLQAQVVESAKK,0.5506,0.9863,38.47,FE_90min_2ul_20160705_r1,-3.8,38.23,38.68
hisabp,TVEGVKDLQAQVVESAKK,0.5787,0.9863,38.32,FE_90min_2ul_20160705_r2,-3.9,37.97,38.89
hisabp,TVEGVKDLQAQVVESAKK,0.5306,0.9857,45.89,FE_120min_2ul_20160705_r1,-4,45.58,46
hisabp,TVEGVKDLQAQVVESAKK,0.6113,0.9863,46.33,FE_120min_2ul_20160705_r2,-3.5,45.74,49.17
hisabp,TVEGVKDLQAQVVESAKK,0.5768,0.9863,38.36,FE_90min_2ul_20160705_r3,-4.1,38.02,38.97
hisabp,TVEGVKDLQAQVVESAKK,0.5471,0.9858,45.85,FE_120min_2ul_20160705_r3,-3.6,45.5,46.14
hisabp,TVEGVKDLQAQVVESAKK,0.6154,0.9864,21.07,FE_30min_2ul_20160705_r1,-3.9,20.81,21.54
hisabp,TVEGVKDLQAQVVESAKK,0.6154,0.987,20.94,FE_30min_2ul_20160705_r2,-3.7,20.78,21.4
hisabp,TVEGVKDLQAQVVESAKK,0.6118,0.9864,20.97,FE_30min_2ul_20160705_r3,-3.5,20.81,21.5
hisabp,TVEGVKDLQAQVVESAKK,0.6121,0.9869,30.16,FE_60min_2ul_20160705_r1,-3.6,29.81,31.33
hisabp,TVEGVKDLQAQVVESAKK,0.5994,0.9861,30.04,FE_60min_2ul_20160705_r2,-3.9,29.82,30.69
hisabp,TVEGVKDLQAQVVESAKK,0.6245,0.9866,28.58,FE_60min_2ul_20160705_r3,-4,28.44,28.83
hisabp,TVEGVKDLQAQVVESAKK,0.5506,0.9863,38.47,FE_90min_2ul_20160705_r1,-4,38.23,38.68
hisabp,TVEGVKDLQAQVVESAKK,0.5787,0.9863,38.32,FE_90min_2ul_20160705_r2,-4.1,37.97,38.89
hisabp,TVEGVKDLQAQVVESAKK,0.5306,0.9857,45.89,FE_120min_2ul_20160705_r1,-4.3,45.58,46
hisabp,TVEGVKDLQAQVVESAKK,0.6113,0.9863,46.33,FE_120min_2ul_20160705_r2,-3.7,45.74,49.17
hisabp,TVEGVKDLQAQVVESAKK,0.5768,0.9863,38.36,FE_90min_2ul_20160705_r3,-4.2,38.02,38.97
hisabp,TVEGVKDLQAQVVESAKK,0.5471,0.9858,45.85,FE_120min_2ul_20160705_r3,-4,45.5,46.14
hisabp,TVEGVKDLQAQVVESAKK,0.6154,0.9864,21.07,FE_30min_2ul_20160705_r1,-3.8,20.81,21.54
hisabp,TVEGVKDLQAQVVESAKK,0.6154,0.987,20.94,FE_30min_2ul_20160705_r2,-3.6,20.78,21.4
hisabp,TVEGVKDLQAQVVESAKK,0.6118,0.9864,20.97,FE_30min_2ul_20160705_r3,-3.4,20.81,21.5
hisabp,TVEGVKDLQAQVVESAKK,0.6121,0.9869,30.16,FE_60min_2ul_20160705_r1,-3.5,29.81,31.33
hisabp,TVEGVKDLQAQVVESAKK,0.5994,0.9861,30.04,FE_60min_2ul_20160705_r2,-3.9,29.82,30.69
hisabp,TVEGVKDLQAQVVESAKK,0.6245,0.9866,28.58,FE_60min_2ul_20160705_r3,-4,28.44,28.83
hisabp,TVEGVKDLQAQVVESAKK,0.5506,0.9863,38.47,FE_90min_2ul_20160705_r1,-4,38.23,38.68
hisabp,TVEGVKDLQAQVVESAKK,0.5787,0.9863,38.32,FE_90min_2ul_20160705_r2,-4.1,37.97,38.89
hisabp,TVEGVKDLQAQVVESAKK,0.5306,0.9857,45.89,FE_120min_2ul_20160705_r1,-4.2,45.58,46
hisabp,TVEGVKDLQAQVVESAKK,0.6113,0.9863,46.33,FE_120min_2ul_20160705_r2,-3.6,45.74,49.17
hisabp,TVEGVKDLQAQVVESAKK,0.5768,0.9863,38.36,FE_90min_2ul_20160705_r3,-4.2,38.02,38.97
hisabp,TVEGVKDLQAQVVESAKK,0.5471,0.9858,45.85,FE_120min_2ul_20160705_r3,-3.9,45.5,46.14
hisabp,DLQAQVVESAK,3.0101,0.9988,21.88,FE_30min_2ul_20160705_r1,-2.9,21.77,22.03
hisabp,DLQAQVVESAK,3.0506,0.9986,21.86,FE_30min_2ul_20160705_r2,-3,21.75,21.99
hisabp,DLQAQVVESAK,3.018,0.9987,21.86,FE_30min_2ul_20160705_r3,-2.8,21.73,22.02
hisabp,DLQAQVVESAK,3.013,0.9983,29.91,FE_60min_2ul_20160705_r1,-3.4,29.75,30.13
hisabp,DLQAQVVESAK,3.0105,0.9985,29.95,FE_60min_2ul_20160705_r2,-3.6,29.79,30.1
hisabp,DLQAQVVESAK,3.0584,0.9987,29.98,FE_60min_2ul_20160705_r3,-3.1,29.83,30.14
hisabp,DLQAQVVESAK,3.0074,0.9987,37.01,FE_90min_2ul_20160705_r1,-3.3,36.8,37.33
hisabp,DLQAQVVESAK,3.0175,0.9987,36.72,FE_90min_2ul_20160705_r2,-3.5,36.51,36.99
hisabp,DLQAQVVESAK,3.0215,0.9987,43.16,FE_120min_2ul_20160705_r1,-3.5,42.88,43.54
hisabp,DLQAQVVESAK,3.0049,0.9987,43.18,FE_120min_2ul_20160705_r2,-3.2,42.89,43.59
hisabp,DLQAQVVESAK,3.0207,0.9986,36.82,FE_90min_2ul_20160705_r3,-3.9,36.6,37.14
hisabp,DLQAQVVESAK,3.0095,0.9986,43.22,FE_120min_2ul_20160705_r3,-3.2,42.95,43.6
hisabp,DLQAQVVESAK,3.0101,0.9988,21.88,FE_30min_2ul_20160705_r1,-3.8,21.77,22.03
hisabp,DLQAQVVESAK,3.0506,0.9986,21.86,FE_30min_2ul_20160705_r2,-3.6,21.75,21.99
hisabp,DLQAQVVESAK,3.018,0.9987,21.86,FE_30min_2ul_20160705_r3,-3.7,21.73,22.02
hisabp,DLQAQVVESAK,3.013,0.9983,29.91,FE_60min_2ul_20160705_r1,-4,29.75,30.13
hisabp,DLQAQVVESAK,3.0105,0.9985,29.95,FE_60min_2ul_20160705_r2,-4.1,29.79,30.1
hisabp,DLQAQVVESAK,3.0584,0.9987,29.98,FE_60min_2ul_20160705_r3,-3.8,29.83,30.14
hisabp,DLQAQVVESAK,3.0074,0.9987,37.01,FE_90min_2ul_20160705_r1,-4.1,36.8,37.33
hisabp,DLQAQVVESAK,3.0175,0.9987,36.72,FE_90min_2ul_20160705_r2,-4.3,36.51,36.99
hisabp,DLQAQVVESAK,3.0215,0.9987,43.16,FE_120min_2ul_20160705_r1,-4.3,42.88,43.54
hisabp,DLQAQVVESAK,3.0049,0.9987,43.18,FE_120min_2ul_20160705_r2,-3.9,42.89,43.59
hisabp,DLQAQVVESAK,3.0207,0.9986,36.82,FE_90min_2ul_20160705_r3,-4.6,36.6,37.14
hisabp,DLQAQVVESAK,3.0095,0.9986,43.22,FE_120min_2ul_20160705_r3,-3.9,42.95,43.6
hisabp,DLQAQVVESAKK,2.7917,0.9929,18.42,FE_30min_2ul_20160705_r1,-3.4,18.32,18.57
hisabp,DLQAQVVESAKK,2.7743,0.993,18.45,FE_30min_2ul_20160705_r2,-3.2,18.33,18.61
hisabp,DLQAQVVESAKK,2.7604,0.9937,18.5,FE_30min_2ul_20160705_r3,-2.8,18.38,18.66
hisabp,DLQAQVVESAKK,2.7792,0.9928,23.98,FE_60min_2ul_20160705_r1,-3.1,23.78,24.25
hisabp,DLQAQVVESAKK,2.7845,0.9932,23.84,FE_60min_2ul_20160705_r2,-3.2,23.68,24.09
hisabp,DLQAQVVESAKK,2.7727,0.993,23.86,FE_60min_2ul_20160705_r3,-3.3,23.64,24.2
hisabp,DLQAQVVESAKK,2.7946,0.9929,28.45,FE_90min_2ul_20160705_r1,-3.5,28.12,28.86
hisabp,DLQAQVVESAKK,2.8032,0.9929,28.33,FE_90min_2ul_20160705_r2,-4,28.04,28.69
hisabp,DLQAQVVESAKK,2.7855,0.9931,32.41,FE_120min_2ul_20160705_r1,-3.8,32.02,32.91
hisabp,DLQAQVVESAKK,2.7906,0.9929,32.18,FE_120min_2ul_20160705_r2,-3.4,31.81,32.69
hisabp,DLQAQVVESAKK,2.8049,0.9931,28.33,FE_90min_2ul_20160705_r3,-3.8,28.06,28.71
hisabp,DLQAQVVESAKK,2.791,0.993,32.28,FE_120min_2ul_20160705_r3,-3.4,31.94,32.74
hisabp,DLQAQVVESAKK,2.7917,0.9929,18.42,FE_30min_2ul_20160705_r1,-4.4,18.32,18.57
hisabp,DLQAQVVESAKK,2.7743,0.993,18.45,FE_30min_2ul_20160705_r2,-4.3,18.33,18.61
hisabp,DLQAQVVESAKK,2.7604,0.9937,18.5,FE_30min_2ul_20160705_r3,-3.7,18.38,18.66
hisabp,DLQAQVVESAKK,2.7792,0.9928,23.98,FE_60min_2ul_20160705_r1,-4.1,23.78,24.25
hisabp,DLQAQVVESAKK,2.7845,0.9932,23.84,FE_60min_2ul_20160705_r2,-4.2,23.68,24.09
hisabp,DLQAQVVESAKK,2.7727,0.993,23.86,FE_60min_2ul_20160705_r3,-4.3,23.64,24.2
hisabp,DLQAQVVESAKK,2.7946,0.9929,28.45,FE_90min_2ul_20160705_r1,-4.4,28.12,28.86
hisabp,DLQAQVVESAKK,2.8032,0.9929,28.33,FE_90min_2ul_20160705_r2,-5,28.04,28.69
hisabp,DLQAQVVESAKK,2.7855,0.9931,32.41,FE_120min_2ul_20160705_r1,-4.7,32.02,32.91
hisabp,DLQAQVVESAKK,2.7906,0.9929,32.18,FE_120min_2ul_20160705_r2,-4.4,31.81,32.69
hisabp,DLQAQVVESAKK,2.8049,0.9931,28.33,FE_90min_2ul_20160705_r3,-4.7,28.06,28.71
hisabp,DLQAQVVESAKK,2.791,0.993,32.28,FE_120min_2ul_20160705_r3,-4.4,31.94,32.74
hisabp,DLQAQVVESAKK,2.7917,0.9929,18.42,FE_30min_2ul_20160705_r1,-4.1,18.32,18.57
hisabp,DLQAQVVESAKK,2.7743,0.993,18.45,FE_30min_2ul_20160705_r2,-4.6,18.33,18.61
hisabp,DLQAQVVESAKK,2.7604,0.9937,18.5,FE_30min_2ul_20160705_r3,-4.2,18.38,18.66
hisabp,DLQAQVVESAKK,2.7792,0.9928,23.98,FE_60min_2ul_20160705_r1,-4.4,23.78,24.25
hisabp,DLQAQVVESAKK,2.7845,0.9932,23.84,FE_60min_2ul_20160705_r2,-4.7,23.68,24.09
hisabp,DLQAQVVESAKK,2.7727,0.993,23.86,FE_60min_2ul_20160705_r3,-4.5,23.64,24.2
hisabp,DLQAQVVESAKK,2.7946,0.9929,28.45,FE_90min_2ul_20160705_r1,-4.7,28.12,28.86
hisabp,DLQAQVVESAKK,2.8032,0.9929,28.33,FE_90min_2ul_20160705_r2,-5.2,28.04,28.69
hisabp,DLQAQVVESAKK,2.7855,0.9931,32.41,FE_120min_2ul_20160705_r1,-4.9,32.02,32.91
hisabp,DLQAQVVESAKK,2.7906,0.9929,32.18,FE_120min_2ul_20160705_r2,-4.6,31.81,32.69
hisabp,DLQAQVVESAKK,2.8049,0.9931,28.33,FE_90min_2ul_20160705_r3,-4.9,28.06,28.71
hisabp,DLQAQVVESAKK,2.791,0.993,32.28,FE_120min_2ul_20160705_r3,-4.7,31.94,32.74
hisabp,DLQAQVVESAKK,2.7917,0.9929,18.42,FE_30min_2ul_20160705_r1,-4.6,18.32,18.57
hisabp,DLQAQVVESAKK,2.7743,0.993,18.45,FE_30min_2ul_20160705_r2,-4.2,18.33,18.61
hisabp,DLQAQVVESAKK,2.7604,0.9937,18.5,FE_30min_2ul_20160705_r3,-3.9,18.38,18.66
hisabp,DLQAQVVESAKK,2.7792,0.9928,23.98,FE_60min_2ul_20160705_r1,-4.1,23.78,24.25
hisabp,DLQAQVVESAKK,2.7845,0.9932,23.84,FE_60min_2ul_20160705_r2,-4.2,23.68,24.09
hisabp,DLQAQVVESAKK,2.7727,0.993,23.86,FE_60min_2ul_20160705_r3,-4.4,23.64,24.2
hisabp,DLQAQVVESAKK,2.7946,0.9929,28.45,FE_90min_2ul_20160705_r1,-4.4,28.12,28.86
hisabp,DLQAQVVESAKK,2.8032,0.9929,28.33,FE_90min_2ul_20160705_r2,-5,28.04,28.69
hisabp,DLQAQVVESAKK,2.7855,0.9931,32.41,FE_120min_2ul_20160705_r1,-4.7,32.02,32.91
hisabp,DLQAQVVESAKK,2.7906,0.9929,32.18,FE_120min_2ul_20160705_r2,-4.5,31.81,32.69
hisabp,DLQAQVVESAKK,2.8049,0.9931,28.33,FE_90min_2ul_20160705_r3,-4.7,28.06,28.71
hisabp,DLQAQVVESAKK,2.791,0.993,32.28,FE_120min_2ul_20160705_r3,-4.5,31.94,32.74
hisabp,ARISEATDGLSDFLK,0.3575,0.9928,28.65,FE_30min_2ul_20160705_r1,-2.7,28.5,28.91
hisabp,ARISEATDGLSDFLK,0.3616,0.9915,28.48,FE_30min_2ul_20160705_r2,-2.6,28.28,28.85
hisabp,ARISEATDGLSDFLK,0.3532,0.9937,28.53,FE_30min_2ul_20160705_r3,-2.6,28.41,29.06
hisabp,ARISEATDGLSDFLK,0.3353,0.9927,44.46,FE_60min_2ul_20160705_r1,-3.7,44.28,44.68
hisabp,ARISEATDGLSDFLK,0.3604,0.9926,44.29,FE_60min_2ul_20160705_r2,-3.3,44.16,44.63
hisabp,ARISEATDGLSDFLK,0.3499,0.9928,44.63,FE_60min_2ul_20160705_r3,-3.5,44.3,45.17
hisabp,ARISEATDGLSDFLK,0.3487,0.9919,59.43,FE_90min_2ul_20160705_r1,-3.5,58.69,60.17
hisabp,ARISEATDGLSDFLK,0.3287,0.9885,59.68,FE_90min_2ul_20160705_r2,-3.7,59.27,60.3
hisabp,ARISEATDGLSDFLK,0.3506,0.9934,73.45,FE_120min_2ul_20160705_r1,-4.4,72.76,74.5
hisabp,ARISEATDGLSDFLK,0.3495,0.9944,73.9,FE_120min_2ul_20160705_r2,-3.5,73.19,75.44
hisabp,ARISEATDGLSDFLK,0.3504,0.9946,59.48,FE_90min_2ul_20160705_r3,-3.5,58.99,60.57
hisabp,ARISEATDGLSDFLK,0.3541,0.9942,73.43,FE_120min_2ul_20160705_r3,-3.2,72.86,74.64
hisabp,ARISEATDGLSDFLK,0.3575,0.9928,28.65,FE_30min_2ul_20160705_r1,-2.4,28.5,28.91
hisabp,ARISEATDGLSDFLK,0.3616,0.9915,28.48,FE_30min_2ul_20160705_r2,-2.1,28.28,28.85
hisabp,ARISEATDGLSDFLK,0.3532,0.9937,28.53,FE_30min_2ul_20160705_r3,-2.4,28.41,29.06
hisabp,ARISEATDGLSDFLK,0.3353,0.9927,44.46,FE_60min_2ul_20160705_r1,-2.9,44.28,44.68
hisabp,ARISEATDGLSDFLK,0.3604,0.9926,44.29,FE_60min_2ul_20160705_r2,-2.7,44.16,44.63
hisabp,ARISEATDGLSDFLK,0.3499,0.9928,44.63,FE_60min_2ul_20160705_r3,-3.3,44.3,45.17
hisabp,ARISEATDGLSDFLK,0.3487,0.9919,59.43,FE_90min_2ul_20160705_r1,-3,58.69,60.17
hisabp,ARISEATDGLSDFLK,0.3287,0.9885,59.68,FE_90min_2ul_20160705_r2,-3.3,59.27,60.3
hisabp,ARISEATDGLSDFLK,0.3506,0.9934,73.45,FE_120min_2ul_20160705_r1,-3.9,72.76,74.5
hisabp,ARISEATDGLSDFLK,0.3495,0.9944,73.9,FE_120min_2ul_20160705_r2,-3,73.19,75.44
hisabp,ARISEATDGLSDFLK,0.3504,0.9946,59.48,FE_90min_2ul_20160705_r3,-3.1,58.99,60.57
hisabp,ARISEATDGLSDFLK,0.3541,0.9942,73.43,FE_120min_2ul_20160705_r3,-2.9,72.86,74.64
hisabp,ARISEATDGLSDFLK,0.3575,0.9928,28.65,FE_30min_2ul_20160705_r1,-2.7,28.5,28.91
hisabp,ARISEATDGLSDFLK,0.3616,0.9915,28.48,FE_30min_2ul_20160705_r2,-2.8,28.28,28.85
hisabp,ARISEATDGLSDFLK,0.3532,0.9937,28.53,FE_30min_2ul_20160705_r3,-2.6,28.41,29.06
hisabp,ARISEATDGLSDFLK,0.3353,0.9927,44.46,FE_60min_2ul_20160705_r1,-3.5,44.28,44.68
hisabp,ARISEATDGLSDFLK,0.3604,0.9926,44.29,FE_60min_2ul_20160705_r2,-3.4,44.16,44.63
hisabp,ARISEATDGLSDFLK,0.3499,0.9928,44.63,FE_60min_2ul_20160705_r3,-3.3,44.3,45.17
hisabp,ARISEATDGLSDFLK,0.3487,0.9919,59.43,FE_90min_2ul_20160705_r1,-3.8,58.69,60.17
hisabp,ARISEATDGLSDFLK,0.3287,0.9885,59.68,FE_90min_2ul_20160705_r2,-4,59.27,60.3
hisabp,ARISEATDGLSDFLK,0.3506,0.9934,73.45,FE_120min_2ul_20160705_r1,-4.5,72.76,74.5
hisabp,ARISEATDGLSDFLK,0.3495,0.9944,73.9,FE_120min_2ul_20160705_r2,-3.6,73.19,75.44
hisabp,ARISEATDGLSDFLK,0.3504,0.9946,59.48,FE_90min_2ul_20160705_r3,-3.8,58.99,60.57
hisabp,ARISEATDGLSDFLK,0.3541,0.9942,73.43,FE_120min_2ul_20160705_r3,-3.3,72.86,74.64
hisabp,ARISEATDGLSDFLK,0.3575,0.9928,28.65,FE_30min_2ul_20160705_r1,-2.9,28.5,28.91
hisabp,ARISEATDGLSDFLK,0.3616,0.9915,28.48,FE_30min_2ul_20160705_r2,-3,28.28,28.85
hisabp,ARISEATDGLSDFLK,0.3532,0.9937,28.53,FE_30min_2ul_20160705_r3,-2.8,28.41,29.06
hisabp,ARISEATDGLSDFLK,0.3353,0.9927,44.46,FE_60min_2ul_20160705_r1,-3.5,44.28,44.68
hisabp,ARISEATDGLSDFLK,0.3604,0.9926,44.29,FE_60min_2ul_20160705_r2,-3.3,44.16,44.63
hisabp,ARISEATDGLSDFLK,0.3499,0.9928,44.63,FE_60min_2ul_20160705_r3,-3.4,44.3,45.17
hisabp,ARISEATDGLSDFLK,0.3487,0.9919,59.43,FE_90min_2ul_20160705_r1,-3.8,58.69,60.17
hisabp,ARISEATDGLSDFLK,0.3287,0.9885,59.68,FE_90min_2ul_20160705_r2,-3.9,59.27,60.3
hisabp,ARISEATDGLSDFLK,0.3506,0.9934,73.45,FE_120min_2ul_20160705_r1,-4.4,72.76,74.5
hisabp,ARISEATDGLSDFLK,0.3495,0.9944,73.9,FE_120min_2ul_20160705_r2,-3.6,73.19,75.44
hisabp,ARISEATDGLSDFLK,0.3504,0.9946,59.48,FE_90min_2ul_20160705_r3,-3.8,58.99,60.57
hisabp,ARISEATDGLSDFLK,0.3541,0.9942,73.43,FE_120min_2ul_20160705_r3,-3.4,72.86,74.64
hisabp,ISEATDGLSDFLK,1.7935,0.9972,29.45,FE_30min_2ul_20160705_r1,-3.5,29.36,29.53
hisabp,ISEATDGLSDFLK,1.787,0.998,29.43,FE_30min_2ul_20160705_r2,-3.5,29.32,29.51
hisabp,ISEATDGLSDFLK,1.8053,0.9984,29.42,FE_30min_2ul_20160705_r3,-3,29.35,29.51
hisabp,ISEATDGLSDFLK,1.4001,0.9985,46.37,FE_60min_2ul_20160705_r1,-3.4,46.15,46.67
hisabp,ISEATDGLSDFLK,1.3988,0.9985,46.21,FE_60min_2ul_20160705_r2,-3.4,45.99,46.47
hisabp,ISEATDGLSDFLK,1.4014,0.9985,46.26,FE_60min_2ul_20160705_r3,-3.5,46.04,46.53
hisabp,ISEATDGLSDFLK,1.3976,0.9986,61.36,FE_90min_2ul_20160705_r1,-3.7,61.12,61.8
hisabp,ISEATDGLSDFLK,1.3969,0.9987,61.41,FE_90min_2ul_20160705_r2,-3.9,61.17,61.88
hisabp,ISEATDGLSDFLK,1.3997,0.9986,75.45,FE_120min_2ul_20160705_r1,-4.2,75.19,76.04
hisabp,ISEATDGLSDFLK,1.4356,0.9985,75.61,FE_120min_2ul_20160705_r2,-3.5,75.42,75.92
hisabp,ISEATDGLSDFLK,1.8442,0.9967,59.22,FE_90min_2ul_20160705_r3,-3.7,58.96,59.46
hisabp,ISEATDGLSDFLK,1.4019,0.9987,75.71,FE_120min_2ul_20160705_r3,-3.3,75.42,76.29
hisabp,ISEATDGLSDFLK,1.7935,0.9972,29.45,FE_30min_2ul_20160705_r1,-3.8,29.36,29.53
hisabp,ISEATDGLSDFLK,1.787,0.998,29.43,FE_30min_2ul_20160705_r2,-3.8,29.32,29.51
hisabp,ISEATDGLSDFLK,1.8053,0.9984,29.42,FE_30min_2ul_20160705_r3,-3.2,29.35,29.51
hisabp,ISEATDGLSDFLK,1.4001,0.9985,46.37,FE_60min_2ul_20160705_r1,-4.3,46.15,46.67
hisabp,ISEATDGLSDFLK,1.3988,0.9985,46.21,FE_60min_2ul_20160705_r2,-4.4,45.99,46.47
hisabp,ISEATDGLSDFLK,1.4014,0.9985,46.26,FE_60min_2ul_20160705_r3,-4.6,46.04,46.53
hisabp,ISEATDGLSDFLK,1.3976,0.9986,61.36,FE_90min_2ul_20160705_r1,-4.8,61.12,61.8
hisabp,ISEATDGLSDFLK,1.3969,0.9987,61.41,FE_90min_2ul_20160705_r2,-5,61.17,61.88
hisabp,ISEATDGLSDFLK,1.3997,0.9986,75.45,FE_120min_2ul_20160705_r1,-5.2,75.19,76.04
hisabp,ISEATDGLSDFLK,1.4356,0.9985,75.61,FE_120min_2ul_20160705_r2,-4.5,75.42,75.92
hisabp,ISEATDGLSDFLK,1.8442,0.9967,59.22,FE_90min_2ul_20160705_r3,-4.3,58.96,59.46
hisabp,ISEATDGLSDFLK,1.4019,0.9987,75.71,FE_120min_2ul_20160705_r3,-4.2,75.42,76.29
hisabp,ISEATDGLSDFLKSQTPAEDTVK,0.0838,0.992,28.47,FE_30min_2ul_20160705_r1,-4.3,28.33,28.83
hisabp,ISEATDGLSDFLKSQTPAEDTVK,0.0868,0.9924,28.43,FE_30min_2ul_20160705_r2,-3.4,28.3,28.66
hisabp,ISEATDGLSDFLKSQTPAEDTVK,0.0868,0.9943,28.43,FE_30min_2ul_20160705_r3,-4.9,28.32,28.69
hisabp,ISEATDGLSDFLKSQTPAEDTVK,0.086,0.994,44.38,FE_60min_2ul_20160705_r1,-3.2,44.18,44.75
hisabp,ISEATDGLSDFLKSQTPAEDTVK,0.0861,0.9928,44.21,FE_60min_2ul_20160705_r2,-3.5,44.01,44.73
hisabp,ISEATDGLSDFLKSQTPAEDTVK,0.0845,0.9921,44.23,FE_60min_2ul_20160705_r3,-3.2,44.02,44.71
hisabp,ISEATDGLSDFLKSQTPAEDTVK,0.0852,0.9933,59.49,FE_90min_2ul_20160705_r1,-3.5,59.1,60.05
hisabp,ISEATDGLSDFLKSQTPAEDTVK,0.0839,0.9934,59.51,FE_90min_2ul_20160705_r2,-4.2,59.11,60.08
hisabp,ISEATDGLSDFLKSQTPAEDTVK,0.0855,0.9947,73.96,FE_120min_2ul_20160705_r1,-4.2,73.37,74.81
hisabp,ISEATDGLSDFLKSQTPAEDTVK,0.0855,0.9933,74.08,FE_120min_2ul_20160705_r2,-3.8,73.72,74.98
hisabp,ISEATDGLSDFLKSQTPAEDTVK,0.0847,0.9924,59.47,FE_90min_2ul_20160705_r3,-3.7,59.06,59.9
hisabp,ISEATDGLSDFLKSQTPAEDTVK,0.0835,0.9921,74.13,FE_120min_2ul_20160705_r3,-3.7,73.6,74.98
hisabp,ISEATDGLSDFLKSQTPAEDTVK,0.0838,0.992,28.47,FE_30min_2ul_20160705_r1,-3.2,28.33,28.83
hisabp,ISEATDGLSDFLKSQTPAEDTVK,0.0868,0.9924,28.43,FE_30min_2ul_20160705_r2,-2.7,28.3,28.66
hisabp,ISEATDGLSDFLKSQTPAEDTVK,0.0868,0.9943,28.43,FE_30min_2ul_20160705_r3,-3,28.32,28.69
hisabp,ISEATDGLSDFLKSQTPAEDTVK,0.086,0.994,44.38,FE_60min_2ul_20160705_r1,-3.4,44.18,44.75
hisabp,ISEATDGLSDFLKSQTPAEDTVK,0.0861,0.9928,44.21,FE_60min_2ul_20160705_r2,-3.2,44.01,44.73
hisabp,ISEATDGLSDFLKSQTPAEDTVK,0.0845,0.9921,44.23,FE_60min_2ul_20160705_r3,-3.6,44.02,44.71
hisabp,ISEATDGLSDFLKSQTPAEDTVK,0.0852,0.9933,59.49,FE_90min_2ul_20160705_r1,-3.5,59.1,60.05
hisabp,ISEATDGLSDFLKSQTPAEDTVK,0.0839,0.9934,59.51,FE_90min_2ul_20160705_r2,-3.8,59.11,60.08
hisabp,ISEATDGLSDFLKSQTPAEDTVK,0.0855,0.9947,73.96,FE_120min_2ul_20160705_r1,-4.1,73.37,74.81
hisabp,ISEATDGLSDFLKSQTPAEDTVK,0.0855,0.9933,74.08,FE_120min_2ul_20160705_r2,-3.4,73.72,74.98
hisabp,ISEATDGLSDFLKSQTPAEDTVK,0.0847,0.9924,59.47,FE_90min_2ul_20160705_r3,-3.7,59.06,59.9
hisabp,ISEATDGLSDFLKSQTPAEDTVK,0.0835,0.9921,74.13,FE_120min_2ul_20160705_r3,-3.3,73.6,74.98
hisabp,ISEATDGLSDFLKSQTPAEDTVK,0.0838,0.992,28.47,FE_30min_2ul_20160705_r1,-2.1,28.33,28.83
hisabp,ISEATDGLSDFLKSQTPAEDTVK,0.0868,0.9924,28.43,FE_30min_2ul_20160705_r2,-1.7,28.3,28.66
hisabp,ISEATDGLSDFLKSQTPAEDTVK,0.0868,0.9943,28.43,FE_30min_2ul_20160705_r3,-1.9,28.32,28.69
hisabp,ISEATDGLSDFLKSQTPAEDTVK,0.086,0.994,44.38,FE_60min_2ul_20160705_r1,-2.6,44.18,44.75
hisabp,ISEATDGLSDFLKSQTPAEDTVK,0.0861,0.9928,44.21,FE_60min_2ul_20160705_r2,-2.6,44.01,44.73
hisabp,ISEATDGLSDFLKSQTPAEDTVK,0.0845,0.9921,44.23,FE_60min_2ul_20160705_r3,-3,44.02,44.71
hisabp,ISEATDGLSDFLKSQTPAEDTVK,0.0852,0.9933,59.49,FE_90min_2ul_20160705_r1,-2.9,59.1,60.05
hisabp,ISEATDGLSDFLKSQTPAEDTVK,0.0839,0.9934,59.51,FE_90min_2ul_20160705_r2,-3.2,59.11,60.08
hisabp,ISEATDGLSDFLKSQTPAEDTVK,0.0855,0.9947,73.96,FE_120min_2ul_20160705_r1,-3.5,73.37,74.81
hisabp,ISEATDGLSDFLKSQTPAEDTVK,0.0855,0.9933,74.08,FE_120min_2ul_20160705_r2,-2.8,73.72,74.98
hisabp,ISEATDGLSDFLKSQTPAEDTVK,0.0847,0.9924,59.47,FE_90min_2ul_20160705_r3,-2.8,59.06,59.9
hisabp,ISEATDGLSDFLKSQTPAEDTVK,0.0835,0.9921,74.13,FE_120min_2ul_20160705_r3,-2.5,73.6,74.98
hisabp,ISEATDGLSDFLKSQTPAEDTVK,0.0838,0.992,28.47,FE_30min_2ul_20160705_r1,-3.3,28.33,28.83
hisabp,ISEATDGLSDFLKSQTPAEDTVK,0.0868,0.9924,28.43,FE_30min_2ul_20160705_r2,-2.9,28.3,28.66
hisabp,ISEATDGLSDFLKSQTPAEDTVK,0.0868,0.9943,28.43,FE_30min_2ul_20160705_r3,-3,28.32,28.69
hisabp,ISEATDGLSDFLKSQTPAEDTVK,0.086,0.994,44.38,FE_60min_2ul_20160705_r1,-3.4,44.18,44.75
hisabp,ISEATDGLSDFLKSQTPAEDTVK,0.0861,0.9928,44.21,FE_60min_2ul_20160705_r2,-3.3,44.01,44.73
hisabp,ISEATDGLSDFLKSQTPAEDTVK,0.0845,0.9921,44.23,FE_60min_2ul_20160705_r3,-3.7,44.02,44.71
hisabp,ISEATDGLSDFLKSQTPAEDTVK,0.0852,0.9933,59.49,FE_90min_2ul_20160705_r1,-3.7,59.1,60.05
hisabp,ISEATDGLSDFLKSQTPAEDTVK,0.0839,0.9934,59.51,FE_90min_2ul_20160705_r2,-4,59.11,60.08
hisabp,ISEATDGLSDFLKSQTPAEDTVK,0.0855,0.9947,73.96,FE_120min_2ul_20160705_r1,-4.3,73.37,74.81
hisabp,ISEATDGLSDFLKSQTPAEDTVK,0.0855,0.9933,74.08,FE_120min_2ul_20160705_r2,-3.6,73.72,74.98
hisabp,ISEATDGLSDFLKSQTPAEDTVK,0.0847,0.9924,59.47,FE_90min_2ul_20160705_r3,-3.7,59.06,59.9
hisabp,ISEATDGLSDFLKSQTPAEDTVK,0.0835,0.9921,74.13,FE_120min_2ul_20160705_r3,-3.5,73.6,74.98
hisabp,ISEATDGLSDFLKSQTPAEDTVKSIELAEAK,0.0205,0.9878,32.1,FE_30min_2ul_20160705_r1,-1.8,31.79,33.34
hisabp,ISEATDGLSDFLKSQTPAEDTVKSIELAEAK,0.0219,0.9883,31.87,FE_30min_2ul_20160705_r2,-2.1,31.75,32.25
hisabp,ISEATDGLSDFLKSQTPAEDTVKSIELAEAK,0.0207,0.9905,32.11,FE_30min_2ul_20160705_r3,-2.2,31.8,32.7
hisabp,ISEATDGLSDFLKSQTPAEDTVKSIELAEAK,0.021,0.9919,52.93,FE_60min_2ul_20160705_r1,-2.4,52.39,54.04
hisabp,ISEATDGLSDFLKSQTPAEDTVKSIELAEAK,0.0217,0.9914,52.59,FE_60min_2ul_20160705_r2,-3.4,52.08,53.7
hisabp,ISEATDGLSDFLKSQTPAEDTVKSIELAEAK,0.0205,0.9853,52.56,FE_60min_2ul_20160705_r3,-2.7,52.19,53.79
hisabp,ISEATDGLSDFLKSQTPAEDTVKSIELAEAK,0.0211,0.9907,72.54,FE_90min_2ul_20160705_r1,-3,71.93,73.2
hisabp,ISEATDGLSDFLKSQTPAEDTVKSIELAEAK,0.0197,0.9897,72.34,FE_90min_2ul_20160705_r2,-3.3,71.94,73.64
hisabp,ISEATDGLSDFLKSQTPAEDTVKSIELAEAK,0.0205,0.9851,91.5,FE_120min_2ul_20160705_r1,-3.5,90.82,93.44
hisabp,ISEATDGLSDFLKSQTPAEDTVKSIELAEAK,0.0194,0.9875,91.57,FE_120min_2ul_20160705_r2,-4.2,91.06,92.09
hisabp,ISEATDGLSDFLKSQTPAEDTVKSIELAEAK,0.021,0.9892,72.1,FE_90min_2ul_20160705_r3,-3.3,71.61,73.77
hisabp,ISEATDGLSDFLKSQTPAEDTVKSIELAEAK,0.0203,0.9899,91.17,FE_120min_2ul_20160705_r3,-2.9,90.53,91.31
hisabp,ISEATDGLSDFLKSQTPAEDTVKSIELAEAK,0.0205,0.9878,32.1,FE_30min_2ul_20160705_r1,-2.4,31.79,33.34
hisabp,ISEATDGLSDFLKSQTPAEDTVKSIELAEAK,0.0219,0.9883,31.87,FE_30min_2ul_20160705_r2,-2.4,31.75,32.25
hisabp,ISEATDGLSDFLKSQTPAEDTVKSIELAEAK,0.0207,0.9905,32.11,FE_30min_2ul_20160705_r3,-2.4,31.8,32.7
hisabp,ISEATDGLSDFLKSQTPAEDTVKSIELAEAK,0.021,0.9919,52.93,FE_60min_2ul_20160705_r1,-3,52.39,54.04
hisabp,ISEATDGLSDFLKSQTPAEDTVKSIELAEAK,0.0217,0.9914,52.59,FE_60min_2ul_20160705_r2,-3.3,52.08,53.7
hisabp,ISEATDGLSDFLKSQTPAEDTVKSIELAEAK,0.0205,0.9853,52.56,FE_60min_2ul_20160705_r3,-3.1,52.19,53.79
hisabp,ISEATDGLSDFLKSQTPAEDTVKSIELAEAK,0.0211,0.9907,72.54,FE_90min_2ul_20160705_r1,-3.7,71.93,73.2
hisabp,ISEATDGLSDFLKSQTPAEDTVKSIELAEAK,0.0197,0.9897,72.34,FE_90min_2ul_20160705_r2,-3.9,71.94,73.64
hisabp,ISEATDGLSDFLKSQTPAEDTVKSIELAEAK,0.0205,0.9851,91.5,FE_120min_2ul_20160705_r1,-4.4,90.82,93.44
hisabp,ISEATDGLSDFLKSQTPAEDTVKSIELAEAK,0.0194,0.9875,91.57,FE_120min_2ul_20160705_r2,-4.5,91.06,92.09
hisabp,ISEATDGLSDFLKSQTPAEDTVKSIELAEAK,0.021,0.9892,72.1,FE_90min_2ul_20160705_r3,-3.7,71.61,73.77
hisabp,ISEATDGLSDFLKSQTPAEDTVKSIELAEAK,0.0203,0.9899,91.17,FE_120min_2ul_20160705_r3,-3.5,90.53,91.31
hisabp,ISEATDGLSDFLKSQTPAEDTVKSIELAEAK,0.0205,0.9878,32.1,FE_30min_2ul_20160705_r1,-1.8,31.79,33.34
hisabp,ISEATDGLSDFLKSQTPAEDTVKSIELAEAK,0.0219,0.9883,31.87,FE_30min_2ul_20160705_r2,-1.6,31.75,32.25
hisabp,ISEATDGLSDFLKSQTPAEDTVKSIELAEAK,0.0207,0.9905,32.11,FE_30min_2ul_20160705_r3,-1.3,31.8,32.7
hisabp,ISEATDGLSDFLKSQTPAEDTVKSIELAEAK,0.021,0.9919,52.93,FE_60min_2ul_20160705_r1,-2.5,52.39,54.04
hisabp,ISEATDGLSDFLKSQTPAEDTVKSIELAEAK,0.0217,0.9914,52.59,FE_60min_2ul_20160705_r2,-3.1,52.08,53.7
hisabp,ISEATDGLSDFLKSQTPAEDTVKSIELAEAK,0.0205,0.9853,52.56,FE_60min_2ul_20160705_r3,-2.8,52.19,53.79
hisabp,ISEATDGLSDFLKSQTPAEDTVKSIELAEAK,0.0211,0.9907,72.54,FE_90min_2ul_20160705_r1,-3.1,71.93,73.2
hisabp,ISEATDGLSDFLKSQTPAEDTVKSIELAEAK,0.0197,0.9897,72.34,FE_90min_2ul_20160705_r2,-3.4,71.94,73.64
hisabp,ISEATDGLSDFLKSQTPAEDTVKSIELAEAK,0.0205,0.9851,91.5,FE_120min_2ul_20160705_r1,-4.1,90.82,93.44
hisabp,ISEATDGLSDFLKSQTPAEDTVKSIELAEAK,0.0194,0.9875,91.57,FE_120min_2ul_20160705_r2,-4,91.06,92.09
hisabp,ISEATDGLSDFLKSQTPAEDTVKSIELAEAK,0.021,0.9892,72.1,FE_90min_2ul_20160705_r3,-3.2,71.61,73.77
hisabp,ISEATDGLSDFLKSQTPAEDTVKSIELAEAK,0.0203,0.9899,91.17,FE_120min_2ul_20160705_r3,-2.9,90.53,91.31
hisabp,ISEATDGLSDFLKSQTPAEDTVKSIELAEAK,0.0205,0.9878,32.1,FE_30min_2ul_20160705_r1,-2.1,31.79,33.34
hisabp,ISEATDGLSDFLKSQTPAEDTVKSIELAEAK,0.0219,0.9883,31.87,FE_30min_2ul_20160705_r2,-1.9,31.75,32.25
hisabp,ISEATDGLSDFLKSQTPAEDTVKSIELAEAK,0.0207,0.9905,32.11,FE_30min_2ul_20160705_r3,-1.9,31.8,32.7
hisabp,ISEATDGLSDFLKSQTPAEDTVKSIELAEAK,0.021,0.9919,52.93,FE_60min_2ul_20160705_r1,-2.6,52.39,54.04
hisabp,ISEATDGLSDFLKSQTPAEDTVKSIELAEAK,0.0217,0.9914,52.59,FE_60min_2ul_20160705_r2,-2.9,52.08,53.7
hisabp,ISEATDGLSDFLKSQTPAEDTVKSIELAEAK,0.0205,0.9853,52.56,FE_60min_2ul_20160705_r3,-2.7,52.19,53.79
hisabp,ISEATDGLSDFLKSQTPAEDTVKSIELAEAK,0.0211,0.9907,72.54,FE_90min_2ul_20160705_r1,-3.2,71.93,73.2
hisabp,ISEATDGLSDFLKSQTPAEDTVKSIELAEAK,0.0197,0.9897,72.34,FE_90min_2ul_20160705_r2,-3.4,71.94,73.64
hisabp,ISEATDGLSDFLKSQTPAEDTVKSIELAEAK,0.0205,0.9851,91.5,FE_120min_2ul_20160705_r1,-4.1,90.82,93.44
hisabp,ISEATDGLSDFLKSQTPAEDTVKSIELAEAK,0.0194,0.9875,91.57,FE_120min_2ul_20160705_r2,-4,91.06,92.09
hisabp,ISEATDGLSDFLKSQTPAEDTVKSIELAEAK,0.021,0.9892,72.1,FE_90min_2ul_20160705_r3,-3.2,71.61,73.77
hisabp,ISEATDGLSDFLKSQTPAEDTVKSIELAEAK,0.0203,0.9899,91.17,FE_120min_2ul_20160705_r3,-3,90.53,91.31
hisabp,SQTPAEDTVK,2.5345,0.9986,11.87,FE_30min_2ul_20160705_r1,-4.4,11.58,12.17
hisabp,SQTPAEDTVK,2.5104,0.9988,11.77,FE_30min_2ul_20160705_r2,-4.1,11.47,12.14
hisabp,SQTPAEDTVK,2.5175,0.9988,11.79,FE_30min_2ul_20160705_r3,-3.8,11.56,12.11
hisabp,SQTPAEDTVK,2.4907,0.9986,12.26,FE_60min_2ul_20160705_r1,-3.7,11.69,12.71
hisabp,SQTPAEDTVK,2.5634,0.9981,11.95,FE_60min_2ul_20160705_r2,-3.9,11.68,12.62
hisabp,SQTPAEDTVK,2.4864,0.9987,11.94,FE_60min_2ul_20160705_r3,-3.8,11.62,12.3
hisabp,SQTPAEDTVK,2.5182,0.9987,11.82,FE_90min_2ul_20160705_r1,-4.3,11.59,12.05
hisabp,SQTPAEDTVK,2.5325,0.9985,11.85,FE_90min_2ul_20160705_r2,-4.4,11.61,12.21
hisabp,SQTPAEDTVK,2.5156,0.9986,11.83,FE_120min_2ul_20160705_r1,-4.3,11.51,12.36
hisabp,SQTPAEDTVK,2.5192,0.9986,11.61,FE_120min_2ul_20160705_r2,-4.2,11.33,12.06
hisabp,SQTPAEDTVK,2.5062,0.9987,11.66,FE_90min_2ul_20160705_r3,-4.4,11.4,12.06
hisabp,SQTPAEDTVK,2.5347,0.9987,11.5,FE_120min_2ul_20160705_r3,-4.1,11.31,11.87
hisabp,SQTPAEDTVK,2.5345,0.9986,11.87,FE_30min_2ul_20160705_r1,-5,11.58,12.17
hisabp,SQTPAEDTVK,2.5104,0.9988,11.77,FE_30min_2ul_20160705_r2,-4.6,11.47,12.14
hisabp,SQTPAEDTVK,2.5175,0.9988,11.79,FE_30min_2ul_20160705_r3,-4.4,11.56,12.11
hisabp,SQTPAEDTVK,2.4907,0.9986,12.26,FE_60min_2ul_20160705_r1,-3.9,11.69,12.71
hisabp,SQTPAEDTVK,2.5634,0.9981,11.95,FE_60min_2ul_20160705_r2,-3.9,11.68,12.62
hisabp,SQTPAEDTVK,2.4864,0.9987,11.94,FE_60min_2ul_20160705_r3,-4.3,11.62,12.3
hisabp,SQTPAEDTVK,2.5182,0.9987,11.82,FE_90min_2ul_20160705_r1,-5,11.59,12.05
hisabp,SQTPAEDTVK,2.5325,0.9985,11.85,FE_90min_2ul_20160705_r2,-5.1,11.61,12.21
hisabp,SQTPAEDTVK,2.5156,0.9986,11.83,FE_120min_2ul_20160705_r1,-4.9,11.51,12.36
hisabp,SQTPAEDTVK,2.5192,0.9986,11.61,FE_120min_2ul_20160705_r2,-4.9,11.33,12.06
hisabp,SQTPAEDTVK,2.5062,0.9987,11.66,FE_90min_2ul_20160705_r3,-5,11.4,12.06
hisabp,SQTPAEDTVK,2.5347,0.9987,11.5,FE_120min_2ul_20160705_r3,-4.7,11.31,11.87
hisabp,SQTPAEDTVKSIELAEAK,0.474,0.9927,24.02,FE_30min_2ul_20160705_r1,-1.7,23.65,24.26
hisabp,SQTPAEDTVKSIELAEAK,0.4728,0.9927,23.92,FE_30min_2ul_20160705_r2,-1.4,23.58,24.16
hisabp,SQTPAEDTVKSIELAEAK,0.4713,0.9918,23.97,FE_30min_2ul_20160705_r3,-1.3,23.61,24.22
hisabp,SQTPAEDTVKSIELAEAK,0.4558,0.9898,35.69,FE_60min_2ul_20160705_r1,-2.6,34.87,36.29
hisabp,SQTPAEDTVKSIELAEAK,0.4696,0.9919,35.65,FE_60min_2ul_20160705_r2,-2.6,34.9,36.11
hisabp,SQTPAEDTVKSIELAEAK,0.4756,0.9935,35.66,FE_60min_2ul_20160705_r3,-2.7,35.08,36.12
hisabp,SQTPAEDTVKSIELAEAK,0.4401,0.9895,46.7,FE_90min_2ul_20160705_r1,-3.6,45.54,46.91
hisabp,SQTPAEDTVKSIELAEAK,0.4516,0.9914,46.26,FE_90min_2ul_20160705_r2,-3.3,45.59,46.65
hisabp,SQTPAEDTVKSIELAEAK,0.4348,0.9899,56.58,FE_120min_2ul_20160705_r1,-3.2,55.43,56.7
hisabp,SQTPAEDTVKSIELAEAK,0.4465,0.9924,56.6,FE_120min_2ul_20160705_r2,-2.4,55.69,56.7
hisabp,SQTPAEDTVKSIELAEAK,0.4854,0.993,46.66,FE_90min_2ul_20160705_r3,-4.2,46.48,47.27
hisabp,SQTPAEDTVKSIELAEAK,0.4823,0.9926,56.86,FE_120min_2ul_20160705_r3,-3.7,56.62,57.77
hisabp,SQTPAEDTVKSIELAEAK,0.474,0.9927,24.02,FE_30min_2ul_20160705_r1,-3.3,23.65,24.26
hisabp,SQTPAEDTVKSIELAEAK,0.4728,0.9927,23.92,FE_30min_2ul_20160705_r2,-3.1,23.58,24.16
hisabp,SQTPAEDTVKSIELAEAK,0.4713,0.9918,23.97,FE_30min_2ul_20160705_r3,-3.1,23.61,24.22
hisabp,SQTPAEDTVKSIELAEAK,0.4558,0.9898,35.69,FE_60min_2ul_20160705_r1,-3.3,34.87,36.29
hisabp,SQTPAEDTVKSIELAEAK,0.4696,0.9919,35.65,FE_60min_2ul_20160705_r2,-3.5,34.9,36.11
hisabp,SQTPAEDTVKSIELAEAK,0.4756,0.9935,35.66,FE_60min_2ul_20160705_r3,-3.4,35.08,36.12
hisabp,SQTPAEDTVKSIELAEAK,0.4401,0.9895,46.7,FE_90min_2ul_20160705_r1,-3.8,45.54,46.91
hisabp,SQTPAEDTVKSIELAEAK,0.4516,0.9914,46.26,FE_90min_2ul_20160705_r2,-3.8,45.59,46.65
hisabp,SQTPAEDTVKSIELAEAK,0.4348,0.9899,56.58,FE_120min_2ul_20160705_r1,-4,55.43,56.7
hisabp,SQTPAEDTVKSIELAEAK,0.4465,0.9924,56.6,FE_120min_2ul_20160705_r2,-3.4,55.69,56.7
hisabp,SQTPAEDTVKSIELAEAK,0.4854,0.993,46.66,FE_90min_2ul_20160705_r3,-4.1,46.48,47.27
hisabp,SQTPAEDTVKSIELAEAK,0.4823,0.9926,56.86,FE_120min_2ul_20160705_r3,-3.6,56.62,57.77
hisabp,SQTPAEDTVKSIELAEAK,0.474,0.9927,24.02,FE_30min_2ul_20160705_r1,-2.9,23.65,24.26
hisabp,SQTPAEDTVKSIELAEAK,0.4728,0.9927,23.92,FE_30min_2ul_20160705_r2,-2.6,23.58,24.16
hisabp,SQTPAEDTVKSIELAEAK,0.4713,0.9918,23.97,FE_30min_2ul_20160705_r3,-2.7,23.61,24.22
hisabp,SQTPAEDTVKSIELAEAK,0.4558,0.9898,35.69,FE_60min_2ul_20160705_r1,-3.1,34.87,36.29
hisabp,SQTPAEDTVKSIELAEAK,0.4696,0.9919,35.65,FE_60min_2ul_20160705_r2,-3.2,34.9,36.11
hisabp,SQTPAEDTVKSIELAEAK,0.4756,0.9935,35.66,FE_60min_2ul_20160705_r3,-3.2,35.08,36.12
hisabp,SQTPAEDTVKSIELAEAK,0.4401,0.9895,46.7,FE_90min_2ul_20160705_r1,-3.7,45.54,46.91
hisabp,SQTPAEDTVKSIELAEAK,0.4516,0.9914,46.26,FE_90min_2ul_20160705_r2,-3.5,45.59,46.65
hisabp,SQTPAEDTVKSIELAEAK,0.4348,0.9899,56.58,FE_120min_2ul_20160705_r1,-3.8,55.43,56.7
hisabp,SQTPAEDTVKSIELAEAK,0.4465,0.9924,56.6,FE_120min_2ul_20160705_r2,-3.1,55.69,56.7
hisabp,SQTPAEDTVKSIELAEAK,0.4854,0.993,46.66,FE_90min_2ul_20160705_r3,-3.8,46.48,47.27
hisabp,SQTPAEDTVKSIELAEAK,0.4823,0.9926,56.86,FE_120min_2ul_20160705_r3,-3.3,56.62,57.77
hisabp,SQTPAEDTVKSIELAEAK,0.474,0.9927,24.02,FE_30min_2ul_20160705_r1,-3.4,23.65,24.26
hisabp,SQTPAEDTVKSIELAEAK,0.4728,0.9927,23.92,FE_30min_2ul_20160705_r2,-3.2,23.58,24.16
hisabp,SQTPAEDTVKSIELAEAK,0.4713,0.9918,23.97,FE_30min_2ul_20160705_r3,-3.2,23.61,24.22
hisabp,SQTPAEDTVKSIELAEAK,0.4558,0.9898,35.69,FE_60min_2ul_20160705_r1,-3.4,34.87,36.29
hisabp,SQTPAEDTVKSIELAEAK,0.4696,0.9919,35.65,FE_60min_2ul_20160705_r2,-3.5,34.9,36.11
hisabp,SQTPAEDTVKSIELAEAK,0.4756,0.9935,35.66,FE_60min_2ul_20160705_r3,-3.5,35.08,36.12
hisabp,SQTPAEDTVKSIELAEAK,0.4401,0.9895,46.7,FE_90min_2ul_20160705_r1,-3.9,45.54,46.91
hisabp,SQTPAEDTVKSIELAEAK,0.4516,0.9914,46.26,FE_90min_2ul_20160705_r2,-3.8,45.59,46.65
hisabp,SQTPAEDTVKSIELAEAK,0.4348,0.9899,56.58,FE_120min_2ul_20160705_r1,-4,55.43,56.7
hisabp,SQTPAEDTVKSIELAEAK,0.4465,0.9924,56.6,FE_120min_2ul_20160705_r2,-3.4,55.69,56.7
hisabp,SQTPAEDTVKSIELAEAK,0.4854,0.993,46.66,FE_90min_2ul_20160705_r3,-4.1,46.48,47.27
hisabp,SQTPAEDTVKSIELAEAK,0.4823,0.9926,56.86,FE_120min_2ul_20160705_r3,-3.7,56.62,57.77
hisabp,SIELAEAK,1.5198,0.998,18.1,FE_30min_2ul_20160705_r1,-3.3,17.99,18.25
hisabp,SIELAEAK,1.5106,0.9979,18.07,FE_30min_2ul_20160705_r2,-3.4,17.95,18.21
hisabp,SIELAEAK,1.5087,0.9983,18.09,FE_30min_2ul_20160705_r3,-3.1,17.95,18.24
hisabp,SIELAEAK,1.5048,0.9982,22.22,FE_60min_2ul_20160705_r1,-3.6,22.04,22.56
hisabp,SIELAEAK,1.5155,0.9983,21.93,FE_60min_2ul_20160705_r2,-3.8,21.76,22.27
hisabp,SIELAEAK,1.5096,0.9984,22.07,FE_60min_2ul_20160705_r3,-3.9,21.86,22.39
hisabp,SIELAEAK,1.5202,0.9982,24.91,FE_90min_2ul_20160705_r1,-4.4,24.68,25.42
hisabp,SIELAEAK,1.5226,0.9981,24.88,FE_90min_2ul_20160705_r2,-4.5,24.65,25.42
hisabp,SIELAEAK,1.5083,0.9983,27.1,FE_120min_2ul_20160705_r1,-4.7,26.83,27.69
hisabp,SIELAEAK,1.5097,0.9982,26.89,FE_120min_2ul_20160705_r2,-4.4,26.62,27.4
hisabp,SIELAEAK,1.5137,0.9982,24.84,FE_90min_2ul_20160705_r3,-4.7,24.58,25.35
hisabp,SIELAEAK,1.5111,0.9983,26.99,FE_120min_2ul_20160705_r3,-4.4,26.73,27.6
hisabp,SIELAEAK,1.5198,0.998,18.1,FE_30min_2ul_20160705_r1,-3.9,17.99,18.25
hisabp,SIELAEAK,1.5106,0.9979,18.07,FE_30min_2ul_20160705_r2,-4.1,17.95,18.21
hisabp,SIELAEAK,1.5087,0.9983,18.09,FE_30min_2ul_20160705_r3,-3.8,17.95,18.24
hisabp,SIELAEAK,1.5048,0.9982,22.22,FE_60min_2ul_20160705_r1,-4.1,22.04,22.56
hisabp,SIELAEAK,1.5155,0.9983,21.93,FE_60min_2ul_20160705_r2,-4.3,21.76,22.27
hisabp,SIELAEAK,1.5096,0.9984,22.07,FE_60min_2ul_20160705_r3,-4.4,21.86,22.39
hisabp,SIELAEAK,1.5202,0.9982,24.91,FE_90min_2ul_20160705_r1,-4.9,24.68,25.42
hisabp,SIELAEAK,1.5226,0.9981,24.88,FE_90min_2ul_20160705_r2,-5,24.65,25.42
hisabp,SIELAEAK,1.5083,0.9983,27.1,FE_120min_2ul_20160705_r1,-5.2,26.83,27.69
hisabp,SIELAEAK,1.5097,0.9982,26.89,FE_120min_2ul_20160705_r2,-4.8,26.62,27.4
hisabp,SIELAEAK,1.5137,0.9982,24.84,FE_90min_2ul_20160705_r3,-5.2,24.58,25.35
hisabp,SIELAEAK,1.5111,0.9983,26.99,FE_120min_2ul_20160705_r3,-4.9,26.73,27.6
hisabp,VLANRELDK,0.3068,0.9903,15.53,FE_30min_2ul_20160705_r1,-2.2,15.31,15.8
hisabp,VLANRELDK,0.2889,0.9901,15.44,FE_30min_2ul_20160705_r2,-3.8,15.19,15.64
hisabp,VLANRELDK,0.2985,0.9901,15.54,FE_30min_2ul_20160705_r3,-1.4,15.29,15.92
hisabp,VLANRELDK,0.3123,0.9868,19.54,FE_60min_2ul_20160705_r1,-0.7,19.17,20.28
hisabp,VLANRELDK,0.2767,0.9976,19.12,FE_60min_2ul_20160705_r2,-2.4,19.01,19.36
hisabp,VLANRELDK,0.306,0.9883,19.51,FE_60min_2ul_20160705_r3,-0.4,19.29,20.14
hisabp,VLANRELDK,0.3139,0.9868,21.89,FE_90min_2ul_20160705_r1,0.9,21.75,22.14
hisabp,VLANRELDK,0.3023,0.9809,21.98,FE_90min_2ul_20160705_r2,1.9,21.76,22.07
hisabp,VLANRELDK,0.3009,0.9898,24.14,FE_120min_2ul_20160705_r1,-2.9,23.96,25.5
hisabp,VLANRELDK,0.2926,0.9914,24.48,FE_120min_2ul_20160705_r2,-3.5,24.18,26
hisabp,VLANRELDK,0.2909,0.9835,21.87,FE_90min_2ul_20160705_r3,2,21.75,22.07
hisabp,VLANRELDK,0.299,0.9901,24.35,FE_120min_2ul_20160705_r3,-2.5,23.95,25.72
hisabp,VLANRELDK,0.3068,0.9903,15.53,FE_30min_2ul_20160705_r1,-3.9,15.31,15.8
hisabp,VLANRELDK,0.2889,0.9901,15.44,FE_30min_2ul_20160705_r2,-3.8,15.19,15.64
hisabp,VLANRELDK,0.2985,0.9901,15.54,FE_30min_2ul_20160705_r3,-3.6,15.29,15.92
hisabp,VLANRELDK,0.3123,0.9868,19.54,FE_60min_2ul_20160705_r1,-3.9,19.17,20.28
hisabp,VLANRELDK,0.2767,0.9976,19.12,FE_60min_2ul_20160705_r2,-4.4,19.01,19.36
hisabp,VLANRELDK,0.306,0.9883,19.51,FE_60min_2ul_20160705_r3,-3.7,19.29,20.14
hisabp,VLANRELDK,0.3139,0.9868,21.89,FE_90min_2ul_20160705_r1,-3.9,21.75,22.14
hisabp,VLANRELDK,0.3023,0.9809,21.98,FE_90min_2ul_20160705_r2,-4.2,21.76,22.07
hisabp,VLANRELDK,0.3009,0.9898,24.14,FE_120min_2ul_20160705_r1,-4.3,23.96,25.5
hisabp,VLANRELDK,0.2926,0.9914,24.48,FE_120min_2ul_20160705_r2,-3.9,24.18,26
hisabp,VLANRELDK,0.2909,0.9835,21.87,FE_90min_2ul_20160705_r3,-4.3,21.75,22.07
hisabp,VLANRELDK,0.299,0.9901,24.35,FE_120min_2ul_20160705_r3,-3.8,23.95,25.72
hisabp,VLANRELDK,0.3068,0.9903,15.53,FE_30min_2ul_20160705_r1,-5,15.31,15.8
hisabp,VLANRELDK,0.2889,0.9901,15.44,FE_30min_2ul_20160705_r2,-4.7,15.19,15.64
hisabp,VLANRELDK,0.2985,0.9901,15.54,FE_30min_2ul_20160705_r3,-4.6,15.29,15.92
hisabp,VLANRELDK,0.3123,0.9868,19.54,FE_60min_2ul_20160705_r1,-4.8,19.17,20.28
hisabp,VLANRELDK,0.2767,0.9976,19.12,FE_60min_2ul_20160705_r2,-4.9,19.01,19.36
hisabp,VLANRELDK,0.306,0.9883,19.51,FE_60min_2ul_20160705_r3,-4.4,19.29,20.14
hisabp,VLANRELDK,0.3139,0.9868,21.89,FE_90min_2ul_20160705_r1,-4.6,21.75,22.14
hisabp,VLANRELDK,0.3023,0.9809,21.98,FE_90min_2ul_20160705_r2,-4.9,21.76,22.07
hisabp,VLANRELDK,0.3009,0.9898,24.14,FE_120min_2ul_20160705_r1,-5.1,23.96,25.5
hisabp,VLANRELDK,0.2926,0.9914,24.48,FE_120min_2ul_20160705_r2,-4.8,24.18,26
hisabp,VLANRELDK,0.2909,0.9835,21.87,FE_90min_2ul_20160705_r3,-5,21.75,22.07
hisabp,VLANRELDK,0.299,0.9901,24.35,FE_120min_2ul_20160705_r3,-4.7,23.95,25.72
hisabp,VLANRELDK,0.3068,0.9903,15.53,FE_30min_2ul_20160705_r1,-4.9,15.31,15.8
hisabp,VLANRELDK,0.2889,0.9901,15.44,FE_30min_2ul_20160705_r2,-4.8,15.19,15.64
hisabp,VLANRELDK,0.2985,0.9901,15.54,FE_30min_2ul_20160705_r3,-4.5,15.29,15.92
hisabp,VLANRELDK,0.3123,0.9868,19.54,FE_60min_2ul_20160705_r1,-4.8,19.17,20.28
hisabp,VLANRELDK,0.2767,0.9976,19.12,FE_60min_2ul_20160705_r2,-5.2,19.01,19.36
hisabp,VLANRELDK,0.306,0.9883,19.51,FE_60min_2ul_20160705_r3,-4.6,19.29,20.14
hisabp,VLANRELDK,0.3139,0.9868,21.89,FE_90min_2ul_20160705_r1,-4.9,21.75,22.14
hisabp,VLANRELDK,0.3023,0.9809,21.98,FE_90min_2ul_20160705_r2,-5.2,21.76,22.07
hisabp,VLANRELDK,0.3009,0.9898,24.14,FE_120min_2ul_20160705_r1,-5.3,23.96,25.5
hisabp,VLANRELDK,0.2926,0.9914,24.48,FE_120min_2ul_20160705_r2,-5,24.18,26
hisabp,VLANRELDK,0.2909,0.9835,21.87,FE_90min_2ul_20160705_r3,-5.3,21.75,22.07
hisabp,VLANRELDK,0.299,0.9901,24.35,FE_120min_2ul_20160705_r3,-4.9,23.95,25.72
hisabp,ELDKYGVSDYYK,4.391,0.9954,21.04,FE_30min_2ul_20160705_r1,-4,20.86,21.2
hisabp,ELDKYGVSDYYK,4.3227,0.993,20.94,FE_30min_2ul_20160705_r2,-3.7,20.82,21.17
hisabp,ELDKYGVSDYYK,4.2557,0.9931,20.95,FE_30min_2ul_20160705_r3,-3.4,20.73,21.14
hisabp,ELDKYGVSDYYK,4.2023,0.9907,29.45,FE_60min_2ul_20160705_r1,-3.4,29.23,30.06
hisabp,ELDKYGVSDYYK,4.3245,0.9929,29.51,FE_60min_2ul_20160705_r2,-3.6,29.26,30.08
hisabp,ELDKYGVSDYYK,4.3889,0.9926,29.67,FE_60min_2ul_20160705_r3,-3.4,29.33,30.18
hisabp,ELDKYGVSDYYK,4.283,0.9929,37.4,FE_90min_2ul_20160705_r1,-3.7,36.98,38.2
hisabp,ELDKYGVSDYYK,4.3731,0.9935,36.99,FE_90min_2ul_20160705_r2,-3.7,36.72,37.81
hisabp,ELDKYGVSDYYK,4.3048,0.9934,44.08,FE_120min_2ul_20160705_r1,-3.9,43.88,44.79
hisabp,ELDKYGVSDYYK,4.5152,0.9942,44.37,FE_120min_2ul_20160705_r2,-3.4,44.12,45.15
hisabp,ELDKYGVSDYYK,4.2551,0.9923,37.1,FE_90min_2ul_20160705_r3,-3.9,36.8,38.16
hisabp,ELDKYGVSDYYK,4.2884,0.9917,44.2,FE_120min_2ul_20160705_r3,-3.2,43.91,45.07
hisabp,ELDKYGVSDYYK,4.391,0.9954,21.04,FE_30min_2ul_20160705_r1,-3.9,20.86,21.2
hisabp,ELDKYGVSDYYK,4.3227,0.993,20.94,FE_30min_2ul_20160705_r2,-3.8,20.82,21.17
hisabp,ELDKYGVSDYYK,4.2557,0.9931,20.95,FE_30min_2ul_20160705_r3,-4.4,20.73,21.14
hisabp,ELDKYGVSDYYK,4.2023,0.9907,29.45,FE_60min_2ul_20160705_r1,-5.5,29.23,30.06
hisabp,ELDKYGVSDYYK,4.3245,0.9929,29.51,FE_60min_2ul_20160705_r2,-5.8,29.26,30.08
hisabp,ELDKYGVSDYYK,4.3889,0.9926,29.67,FE_60min_2ul_20160705_r3,-5.2,29.33,30.18
hisabp,ELDKYGVSDYYK,4.283,0.9929,37.4,FE_90min_2ul_20160705_r1,-5.7,36.98,38.2
hisabp,ELDKYGVSDYYK,4.3731,0.9935,36.99,FE_90min_2ul_20160705_r2,-3.7,36.72,37.81
hisabp,ELDKYGVSDYYK,4.3048,0.9934,44.08,FE_120min_2ul_20160705_r1,-3.9,43.88,44.79
hisabp,ELDKYGVSDYYK,4.5152,0.9942,44.37,FE_120min_2ul_20160705_r2,-3.4,44.12,45.15
hisabp,ELDKYGVSDYYK,4.2551,0.9923,37.1,FE_90min_2ul_20160705_r3,-5.9,36.8,38.16
hisabp,ELDKYGVSDYYK,4.2884,0.9917,44.2,FE_120min_2ul_20160705_r3,-3.2,43.91,45.07
hisabp,ELDKYGVSDYYK,4.391,0.9954,21.04,FE_30min_2ul_20160705_r1,-4.1,20.86,21.2
hisabp,ELDKYGVSDYYK,4.3227,0.993,20.94,FE_30min_2ul_20160705_r2,-3.7,20.82,21.17
hisabp,ELDKYGVSDYYK,4.2557,0.9931,20.95,FE_30min_2ul_20160705_r3,-3.5,20.73,21.14
hisabp,ELDKYGVSDYYK,4.2023,0.9907,29.45,FE_60min_2ul_20160705_r1,-3.3,29.23,30.06
hisabp,ELDKYGVSDYYK,4.3245,0.9929,29.51,FE_60min_2ul_20160705_r2,-3.5,29.26,30.08
hisabp,ELDKYGVSDYYK,4.3889,0.9926,29.67,FE_60min_2ul_20160705_r3,-3.3,29.33,30.18
hisabp,ELDKYGVSDYYK,4.283,0.9929,37.4,FE_90min_2ul_20160705_r1,-3.5,36.98,38.2
hisabp,ELDKYGVSDYYK,4.3731,0.9935,36.99,FE_90min_2ul_20160705_r2,-3.5,36.72,37.81
hisabp,ELDKYGVSDYYK,4.3048,0.9934,44.08,FE_120min_2ul_20160705_r1,-3.7,43.88,44.79
hisabp,ELDKYGVSDYYK,4.5152,0.9942,44.37,FE_120min_2ul_20160705_r2,-3.2,44.12,45.15
hisabp,ELDKYGVSDYYK,4.2551,0.9923,37.1,FE_90min_2ul_20160705_r3,-3.8,36.8,38.16
hisabp,ELDKYGVSDYYK,4.2884,0.9917,44.2,FE_120min_2ul_20160705_r3,-3,43.91,45.07
hisabp,ELDKYGVSDYYK,4.391,0.9954,21.04,FE_30min_2ul_20160705_r1,-3.8,20.86,21.2
hisabp,ELDKYGVSDYYK,4.3227,0.993,20.94,FE_30min_2ul_20160705_r2,-3.6,20.82,21.17
hisabp,ELDKYGVSDYYK,4.2557,0.9931,20.95,FE_30min_2ul_20160705_r3,-3.5,20.73,21.14
hisabp,ELDKYGVSDYYK,4.2023,0.9907,29.45,FE_60min_2ul_20160705_r1,-3.6,29.23,30.06
hisabp,ELDKYGVSDYYK,4.3245,0.9929,29.51,FE_60min_2ul_20160705_r2,-3.9,29.26,30.08
hisabp,ELDKYGVSDYYK,4.3889,0.9926,29.67,FE_60min_2ul_20160705_r3,-3.4,29.33,30.18
hisabp,ELDKYGVSDYYK,4.283,0.9929,37.4,FE_90min_2ul_20160705_r1,-4,36.98,38.2
hisabp,ELDKYGVSDYYK,4.3731,0.9935,36.99,FE_90min_2ul_20160705_r2,-3.9,36.72,37.81
hisabp,ELDKYGVSDYYK,4.3048,0.9934,44.08,FE_120min_2ul_20160705_r1,-4.3,43.88,44.79
hisabp,ELDKYGVSDYYK,4.5152,0.9942,44.37,FE_120min_2ul_20160705_r2,-3.7,44.12,45.15
hisabp,ELDKYGVSDYYK,4.2551,0.9923,37.1,FE_90min_2ul_20160705_r3,-4.2,36.8,38.16
hisabp,ELDKYGVSDYYK,4.2884,0.9917,44.2,FE_120min_2ul_20160705_r3,-3.7,43.91,45.07
hisabp,ELDKYGVSDYYKNLINNAK,0.474,0.986,28.39,FE_30min_2ul_20160705_r1,-3.5,28.18,28.57
hisabp,ELDKYGVSDYYKNLINNAK,0.4424,0.987,28.11,FE_30min_2ul_20160705_r2,-2.6,27.98,28.44
hisabp,ELDKYGVSDYYKNLINNAK,0.4464,0.984,28.28,FE_30min_2ul_20160705_r3,-3.1,28.05,28.64
hisabp,ELDKYGVSDYYKNLINNAK,0.4512,0.987,45.01,FE_60min_2ul_20160705_r1,-3.3,44.52,45.57
hisabp,ELDKYGVSDYYKNLINNAK,0.5138,0.9931,44.62,FE_60min_2ul_20160705_r2,-3,44.39,45.14
hisabp,ELDKYGVSDYYKNLINNAK,0.4835,0.9685,44.56,FE_60min_2ul_20160705_r3,-3.6,44.46,44.88
hisabp,ELDKYGVSDYYKNLINNAK,0.4866,0.9705,60.5,FE_90min_2ul_20160705_r1,-3.7,59.7,62.43
hisabp,ELDKYGVSDYYKNLINNAK,0.4905,0.9743,60.64,FE_90min_2ul_20160705_r2,-3.9,59.42,62.36
hisabp,ELDKYGVSDYYKNLINNAK,0.4235,0.9871,74.84,FE_120min_2ul_20160705_r1,-4.7,74.44,75.16
hisabp,ELDKYGVSDYYKNLINNAK,0.4116,0.9724,75.45,FE_120min_2ul_20160705_r2,-4.2,75.34,75.85
hisabp,ELDKYGVSDYYKNLINNAK,0.4351,0.9876,60,FE_90min_2ul_20160705_r3,-3.8,59.75,60.15
hisabp,ELDKYGVSDYYKNLINNAK,0.5478,0.9709,75.19,FE_120min_2ul_20160705_r3,-3.6,75.02,75.34
hisabp,ELDKYGVSDYYKNLINNAK,0.474,0.986,28.39,FE_30min_2ul_20160705_r1,-3.8,28.18,28.57
hisabp,ELDKYGVSDYYKNLINNAK,0.4424,0.987,28.11,FE_30min_2ul_20160705_r2,-2.8,27.98,28.44
hisabp,ELDKYGVSDYYKNLINNAK,0.4464,0.984,28.28,FE_30min_2ul_20160705_r3,-3.3,28.05,28.64
hisabp,ELDKYGVSDYYKNLINNAK,0.4512,0.987,45.01,FE_60min_2ul_20160705_r1,-3.3,44.52,45.57
hisabp,ELDKYGVSDYYKNLINNAK,0.5138,0.9931,44.62,FE_60min_2ul_20160705_r2,-3,44.39,45.14
hisabp,ELDKYGVSDYYKNLINNAK,0.4835,0.9685,44.56,FE_60min_2ul_20160705_r3,-3.5,44.46,44.88
hisabp,ELDKYGVSDYYKNLINNAK,0.4866,0.9705,60.5,FE_90min_2ul_20160705_r1,-4,59.7,62.43
hisabp,ELDKYGVSDYYKNLINNAK,0.4905,0.9743,60.64,FE_90min_2ul_20160705_r2,-4.2,59.42,62.36
hisabp,ELDKYGVSDYYKNLINNAK,0.4235,0.9871,74.84,FE_120min_2ul_20160705_r1,-4.6,74.44,75.16
hisabp,ELDKYGVSDYYKNLINNAK,0.4116,0.9724,75.45,FE_120min_2ul_20160705_r2,-4.3,75.34,75.85
hisabp,ELDKYGVSDYYKNLINNAK,0.4351,0.9876,60,FE_90min_2ul_20160705_r3,-3.8,59.75,60.15
hisabp,ELDKYGVSDYYKNLINNAK,0.5478,0.9709,75.19,FE_120min_2ul_20160705_r3,-3.5,75.02,75.34
hisabp,ELDKYGVSDYYKNLINNAK,0.474,0.986,28.39,FE_30min_2ul_20160705_r1,-3.3,28.18,28.57
hisabp,ELDKYGVSDYYKNLINNAK,0.4424,0.987,28.11,FE_30min_2ul_20160705_r2,-2.1,27.98,28.44
hisabp,ELDKYGVSDYYKNLINNAK,0.4464,0.984,28.28,FE_30min_2ul_20160705_r3,-2.4,28.05,28.64
hisabp,ELDKYGVSDYYKNLINNAK,0.4512,0.987,45.01,FE_60min_2ul_20160705_r1,-1.8,44.52,45.57
hisabp,ELDKYGVSDYYKNLINNAK,0.5138,0.9931,44.62,FE_60min_2ul_20160705_r2,-1.5,44.39,45.14
hisabp,ELDKYGVSDYYKNLINNAK,0.4835,0.9685,44.56,FE_60min_2ul_20160705_r3,-1.3,44.46,44.88
hisabp,ELDKYGVSDYYKNLINNAK,0.4866,0.9705,60.5,FE_90min_2ul_20160705_r1,0.2,59.7,62.43
hisabp,ELDKYGVSDYYKNLINNAK,0.4905,0.9743,60.64,FE_90min_2ul_20160705_r2,0,59.42,62.36
hisabp,ELDKYGVSDYYKNLINNAK,0.4235,0.9871,74.84,FE_120min_2ul_20160705_r1,-3.4,74.44,75.16
hisabp,ELDKYGVSDYYKNLINNAK,0.4116,0.9724,75.45,FE_120min_2ul_20160705_r2,-3.7,75.34,75.85
hisabp,ELDKYGVSDYYKNLINNAK,0.4351,0.9876,60,FE_90min_2ul_20160705_r3,-3,59.75,60.15
hisabp,ELDKYGVSDYYKNLINNAK,0.5478,0.9709,75.19,FE_120min_2ul_20160705_r3,-2.9,75.02,75.34
hisabp,ELDKYGVSDYYKNLINNAK,0.474,0.986,28.39,FE_30min_2ul_20160705_r1,-3.7,28.18,28.57
hisabp,ELDKYGVSDYYKNLINNAK,0.4424,0.987,28.11,FE_30min_2ul_20160705_r2,-2.6,27.98,28.44
hisabp,ELDKYGVSDYYKNLINNAK,0.4464,0.984,28.28,FE_30min_2ul_20160705_r3,-2.9,28.05,28.64
hisabp,ELDKYGVSDYYKNLINNAK,0.4512,0.987,45.01,FE_60min_2ul_20160705_r1,-2.7,44.52,45.57
hisabp,ELDKYGVSDYYKNLINNAK,0.5138,0.9931,44.62,FE_60min_2ul_20160705_r2,-2.6,44.39,45.14
hisabp,ELDKYGVSDYYKNLINNAK,0.4835,0.9685,44.56,FE_60min_2ul_20160705_r3,-3.2,44.46,44.88
hisabp,ELDKYGVSDYYKNLINNAK,0.4866,0.9705,60.5,FE_90min_2ul_20160705_r1,-3.2,59.7,62.43
hisabp,ELDKYGVSDYYKNLINNAK,0.4905,0.9743,60.64,FE_90min_2ul_20160705_r2,-3.4,59.42,62.36
hisabp,ELDKYGVSDYYKNLINNAK,0.4235,0.9871,74.84,FE_120min_2ul_20160705_r1,-3.9,74.44,75.16
hisabp,ELDKYGVSDYYKNLINNAK,0.4116,0.9724,75.45,FE_120min_2ul_20160705_r2,-4.2,75.34,75.85
hisabp,ELDKYGVSDYYKNLINNAK,0.4351,0.9876,60,FE_90min_2ul_20160705_r3,-3.2,59.75,60.15
hisabp,ELDKYGVSDYYKNLINNAK,0.5478,0.9709,75.19,FE_120min_2ul_20160705_r3,-3.2,75.02,75.34
hisabp,YGVSDYYK,3.1295,0.9992,20.4,FE_30min_2ul_20160705_r1,-3,20.31,20.53
hisabp,YGVSDYYK,3.259,0.9994,20.41,FE_30min_2ul_20160705_r2,-3.2,20.31,20.61
hisabp,YGVSDYYK,3.2498,0.9995,20.38,FE_30min_2ul_20160705_r3,-2.8,20.29,20.5
hisabp,YGVSDYYK,3.0479,0.998,27.48,FE_60min_2ul_20160705_r1,-3.4,27.32,27.72
hisabp,YGVSDYYK,2.9791,0.9985,27.5,FE_60min_2ul_20160705_r2,-3.5,27.41,27.65
hisabp,YGVSDYYK,3.1474,0.9992,27.45,FE_60min_2ul_20160705_r3,-3.2,27.35,27.59
hisabp,YGVSDYYK,3.9128,0.9803,33.49,FE_90min_2ul_20160705_r1,0.7,33.49,33.73
hisabp,YGVSDYYK,3.8,0.9766,33.22,FE_90min_2ul_20160705_r2,2.1,33.03,33.33
hisabp,YGVSDYYK,4.7049,0.9936,38.49,FE_120min_2ul_20160705_r1,7.8,37.92,39.63
hisabp,YGVSDYYK,4.559,0.9926,38.54,FE_120min_2ul_20160705_r2,8,38.24,39.81
hisabp,YGVSDYYK,3.5182,0.9576,33.29,FE_90min_2ul_20160705_r3,1.5,33.23,33.43
hisabp,YGVSDYYK,4.8613,0.9908,38.72,FE_120min_2ul_20160705_r3,8.4,37.74,39.91
hisabp,YGVSDYYK,3.1295,0.9992,20.4,FE_30min_2ul_20160705_r1,-2.9,20.31,20.53
hisabp,YGVSDYYK,3.259,0.9994,20.41,FE_30min_2ul_20160705_r2,-2.8,20.31,20.61
hisabp,YGVSDYYK,3.2498,0.9995,20.38,FE_30min_2ul_20160705_r3,-2.8,20.29,20.5
hisabp,YGVSDYYK,3.0479,0.998,27.48,FE_60min_2ul_20160705_r1,-3.4,27.32,27.72
hisabp,YGVSDYYK,2.9791,0.9985,27.5,FE_60min_2ul_20160705_r2,-3.5,27.41,27.65
hisabp,YGVSDYYK,3.1474,0.9992,27.45,FE_60min_2ul_20160705_r3,-3.9,27.35,27.59
hisabp,YGVSDYYK,3.9128,0.9803,33.49,FE_90min_2ul_20160705_r1,-2.5,33.49,33.73
hisabp,YGVSDYYK,3.8,0.9766,33.22,FE_90min_2ul_20160705_r2,-1.5,33.03,33.33
hisabp,YGVSDYYK,4.7049,0.9936,38.49,FE_120min_2ul_20160705_r1,4.9,37.92,39.63
hisabp,YGVSDYYK,4.559,0.9926,38.54,FE_120min_2ul_20160705_r2,5.1,38.24,39.81
hisabp,YGVSDYYK,3.5182,0.9576,33.29,FE_90min_2ul_20160705_r3,-2.6,33.23,33.43
hisabp,YGVSDYYK,4.8613,0.9908,38.72,FE_120min_2ul_20160705_r3,4.9,37.74,39.91
hisabp,YGVSDYYKNLINNAK,0.3377,0.9543,27.71,FE_30min_2ul_20160705_r1,-4.2,27.66,27.83
hisabp,YGVSDYYKNLINNAK,0.266,0.9959,27.33,FE_30min_2ul_20160705_r2,-3.9,27.19,27.49
hisabp,YGVSDYYKNLINNAK,0.321,0.9235,27.44,FE_30min_2ul_20160705_r3,-4.1,27.29,27.86
hisabp,YGVSDYYKNLINNAK,0.3129,0.9117,42.77,FE_60min_2ul_20160705_r1,-3.6,42.24,42.97
hisabp,YGVSDYYKNLINNAK,0.2965,0.9332,42.25,FE_60min_2ul_20160705_r2,-4.7,41.94,42.61
hisabp,YGVSDYYKNLINNAK,0.4472,0.8798,42.44,FE_60min_2ul_20160705_r3,-4.3,42.25,42.57
hisabp,YGVSDYYKNLINNAK,0.2998,0.9204,56.74,FE_90min_2ul_20160705_r1,-3.6,56.07,57.02
hisabp,YGVSDYYKNLINNAK,0.3071,0.8955,56.59,FE_90min_2ul_20160705_r2,-4.5,56.04,56.89
hisabp,YGVSDYYKNLINNAK,0.2703,0.9645,69.57,FE_120min_2ul_20160705_r1,-4.9,68.97,69.62
hisabp,YGVSDYYKNLINNAK,0.2725,0.9847,69.76,FE_120min_2ul_20160705_r2,-2.5,69.36,69.93
hisabp,YGVSDYYKNLINNAK,0.284,0.9208,56.03,FE_90min_2ul_20160705_r3,-4.6,55.73,56.36
hisabp,YGVSDYYKNLINNAK,0.2313,0.9811,69.27,FE_120min_2ul_20160705_r3,-3.9,68.92,69.33
hisabp,YGVSDYYKNLINNAK,0.3377,0.9543,27.71,FE_30min_2ul_20160705_r1,-2.6,27.66,27.83
hisabp,YGVSDYYKNLINNAK,0.266,0.9959,27.33,FE_30min_2ul_20160705_r2,-2.7,27.19,27.49
hisabp,YGVSDYYKNLINNAK,0.321,0.9235,27.44,FE_30min_2ul_20160705_r3,-2.8,27.29,27.86
hisabp,YGVSDYYKNLINNAK,0.3129,0.9117,42.77,FE_60min_2ul_20160705_r1,-2.3,42.24,42.97
hisabp,YGVSDYYKNLINNAK,0.2965,0.9332,42.25,FE_60min_2ul_20160705_r2,-3.2,41.94,42.61
hisabp,YGVSDYYKNLINNAK,0.4472,0.8798,42.44,FE_60min_2ul_20160705_r3,-2.9,42.25,42.57
hisabp,YGVSDYYKNLINNAK,0.2998,0.9204,56.74,FE_90min_2ul_20160705_r1,-2.8,56.07,57.02
hisabp,YGVSDYYKNLINNAK,0.3071,0.8955,56.59,FE_90min_2ul_20160705_r2,-3.2,56.04,56.89
hisabp,YGVSDYYKNLINNAK,0.2703,0.9645,69.57,FE_120min_2ul_20160705_r1,-3.7,68.97,69.62
hisabp,YGVSDYYKNLINNAK,0.2725,0.9847,69.76,FE_120min_2ul_20160705_r2,-2.7,69.36,69.93
hisabp,YGVSDYYKNLINNAK,0.284,0.9208,56.03,FE_90min_2ul_20160705_r3,-3.3,55.73,56.36
hisabp,YGVSDYYKNLINNAK,0.2313,0.9811,69.27,FE_120min_2ul_20160705_r3,-3.1,68.92,69.33
